date,description,amount,payment_mode,category
2026-05-06,DMART *2125,2801.0,NetBanking,Shopping
2026-07-27,PVR CINEMAS *2582,137.0,UPI,Entertainment
2026-01-05,AIRTEL BROADBAND *2893,1615.0,NetBanking,Bills
2026-05-19,FLIPKART *5080,1625.0,UPI,Shopping
2026-06-21,ZOMATO *7056,449.0,UPI,Food
2026-08-05,DMART *2438,4364.0,Card,Shopping
2025-12-08,CHAI POINT *4332,138.0,Card,Food
2026-06-08,DMART *2019,2036.0,UPI,Shopping
2026-06-04,IRCTC TICKET *4711,1600.0,NetBanking,Travel
2025-10-17,IRCTC TICKET *7783,5074.0,NetBanking,Travel
2026-07-08,CHAI POINT *8833,441.0,Card,Food
2025-10-25,JIO RECHARGE *9488,2331.0,NetBanking,Bills
2026-08-27,BOOKMYSHOW *1770,172.0,UPI,Entertainment
2026-07-09,UBER TRIP *9002,4287.0,UPI,Travel
2025-12-23,SPOTIFY *2682,551.0,NetBanking,Entertainment
2026-04-21,IRCTC TICKET *5200,1953.0,UPI,Travel
2026-09-20,IRCTC TICKET *2248,3775.0,NetBanking,Travel
2025-11-14,OLA CABS *4250,457.0,NetBanking,Travel
2026-07-30,AMAZON PAY *6013,4712.0,UPI,Shopping
2025-10-28,ZOMATO *8178,265.0,NetBanking,Food
2026-06-06,SWIGGY ORDER *7837,485.0,UPI,Food
2026-08-24,INDIGO AIRLINES *6661,3957.0,NetBanking,Travel
2025-11-10,MYNTRA *6593,3872.0,Card,Shopping
2026-07-22,AIRTEL BROADBAND *5784,2593.0,UPI,Bills
2026-02-15,AIRTEL BROADBAND *8086,992.0,Card,Bills
2026-08-27,GAS BILL *2160,2031.0,Card,Bills
2026-07-03,DMART *3740,2489.0,NetBanking,Shopping
2026-07-03,zomato *3795   ,242.0,UPI,Food
2026-02-02,UBER TRIP *7295,,UPI,Travel
2026-06-17,ZOMATO *4081,388.0,NetBanking,Food
2025-11-24,TORRENT POWER *6722,2987.0,UPI,Bills
2026-05-12,ZOMATO *8449,122.0,UPI,Food
2026-03-07,netflix *6154   ,877.0,Card,Entertainment
2025-10-01,PVR CINEMAS *6957,234.0,UPI,Entertainment
2025-10-01,UBER TRIP *1318,2304.0,Card,Travel
2026-04-22,UBER TRIP *7401,5676.0,Card,Travel
2025-11-17,PVR CINEMAS *3428,155.0,UPI,Entertainment
2026-06-26,IRCTC TICKET *9102,1560.0,UPI,Travel
2026-07-29,STARBUCKS *9179,713.0,UPI,Food
2026-04-06,FLIPKART *1189,2934.0,Card,Shopping
2026-04-25,SPOTIFY *8313,199.0,Card,Entertainment
2025-12-05,SWIGGY ORDER *5765,437.0,UPI,Food
2026-01-13,LIC PREMIUM *3024,479.0,NetBanking,Bills
2026-06-28,LIC PREMIUM *3709,1304.0,Card,Bills
2026-09-19,RELIANCE TRENDS *2296,4914.0,NetBanking,Shopping
2026-01-03,OLA CABS *9357,1607.0,NetBanking,Travel
2026-02-23,hotstar *8111   ,341.0,UPI,Entertainment
2026-02-17,STARBUCKS *9593,665.0,UPI,Food
2026-01-19,MYNTRA *1918,2997.0,NetBanking,Shopping
2026-09-19,TORRENT POWER *1062,2709.0,NetBanking,Bills
2026-02-02,STARBUCKS *9961,295.0,Card,Food
2026-09-14,SWIGGY ORDER *2809,155.0,Card,Food
2025-11-22,CHAI POINT *7499,227.0,UPI,Food
2026-01-21,GAS BILL *6131,2528.0,UPI,Bills
2026-03-09,AIRTEL BROADBAND *8397,1885.0,Card,Bills
2025-12-30,LIC PREMIUM *2105,2521.0,UPI,Bills
2026-06-30,ZOMATO *3415,310.0,NetBanking,Food
2025-10-02,zomato *7539   ,430.0,Card,Food
2026-03-08,DOMINOS PIZZA *8593,740.0,NetBanking,Food
2026-01-11,METRO RECHARGE *6055,5662.0,UPI,Travel
2026-03-06,STARBUCKS *1190,259.0,Card,Food
2026-04-27,FLIPKART *8240,2756.0,Card,Shopping
2026-09-22,GAS BILL *8494,1355.0,Card,Bills
2025-12-25,NETFLIX *7773,843.0,NetBanking,Entertainment
2026-02-07,CHAI POINT *4814,204.0,NetBanking,Food
2025-12-12,LIC PREMIUM *3015,1808.0,UPI,Bills
2026-01-03,JIO RECHARGE *4898,2490.0,UPI,Bills
2026-08-11,OLA CABS *3376,1080.0,NetBanking,Travel
2025-11-30,AIRTEL BROADBAND *7681,214.0,Card,Bills
2025-10-17,SWIGGY ORDER *1855,630.0,NetBanking,Food
2026-04-03,AIRTEL BROADBAND *6752,887.0,Card,Bills
2025-12-03,DMART *9445,3748.0,Card,Shopping
2026-01-18,TORRENT POWER *8623,2285.0,Card,Bills
2026-04-01,FLIPKART *3587,3462.0,NetBanking,Shopping
2026-06-26,JIO RECHARGE *9737,1619.0,NetBanking,Bills
2026-07-14,AMAZON PAY *3463,2729.0,NetBanking,Shopping
2025-12-04,LIC PREMIUM *4760,2200.0,UPI,Bills
2026-08-09,JIO RECHARGE *3418,1464.0,Card,Bills
2026-05-20,HOTSTAR *9068,286.0,UPI,Entertainment
2026-07-17,TORRENT POWER *9234,1759.0,Card,Bills
2026-04-07,SWIGGY ORDER *8799,672.0,Card,Food
2026-07-27,SPOTIFY *4665,821.0,Card,Entertainment
2026-08-08,CHAI POINT *1928,176.0,Card,Food
2026-05-09,LIC PREMIUM *2177,814.0,UPI,Bills
2026-01-01,zomato *1238   ,264.0,UPI,Food
2026-05-19,RELIANCE TRENDS *2588,4078.0,UPI,Shopping
2026-02-26,JIO RECHARGE *2069,1317.0,Card,Bills
2026-07-14,BOOKMYSHOW *5971,835.0,Card,Entertainment
2026-05-08,JIO RECHARGE *6696,1405.0,NetBanking,Bills
2025-11-02,dmart *6154   ,3859.0,NetBanking,Shopping
2026-06-03,FLIPKART *9102,4856.0,Card,Shopping
2026-07-14,IRCTC TICKET *3939,4102.0,Card,Travel
2026-06-02,LIC PREMIUM *2900,2367.0,Card,Bills
2026-04-10,BOOKMYSHOW *7802,205.0,Card,Entertainment
2026-01-03,hotstar *3939   ,122.0,NetBanking,Entertainment
2026-01-26,chai point *6599   ,364.0,NetBanking,Food
2026-03-13,NETFLIX *6988,555.0,NetBanking,Entertainment
2026-03-02,OLA CABS *1066,676.0,Card,Travel
2026-08-07,INDIGO AIRLINES *9453,1482.0,Card,Travel
2026-08-04,PVR CINEMAS *3292,613.0,UPI,Entertainment
2025-12-19,SPOTIFY *8953,787.0,Card,Entertainment
2026-04-05,BOOKMYSHOW *2907,236.0,Card,Entertainment
2026-06-08,RELIANCE TRENDS *6634,2323.0,NetBanking,Shopping
2026-09-07,ZOMATO *2699,65.0,UPI,Food
2025-11-27,LIC PREMIUM *8984,556.0,UPI,Bills
2026-08-01,OLA CABS *5241,5934.0,Card,Travel
2026-05-25,chai point *8415   ,427.0,NetBanking,Food
2026-06-24,STARBUCKS *6730,544.0,UPI,Food
2026-08-14,STARBUCKS *6582,258.0,NetBanking,Food
2026-02-10,GAS BILL *7794,270.0,Card,Bills
2026-02-16,HOTSTAR *5419,891.0,NetBanking,Entertainment
2025-12-24,OLA CABS *8288,3243.0,Card,Travel
2026-03-22,BOOKMYSHOW *1671,262.0,UPI,Entertainment
2025-10-08,BOOKMYSHOW *7676,247.0,UPI,Entertainment
2026-03-23,GAS BILL *1526,2046.0,NetBanking,Bills
2026-03-10,CHAI POINT *6699,457.0,UPI,Food
2025-10-13,METRO RECHARGE *7915,5073.0,UPI,Travel
2026-08-27,STARBUCKS *8069,798.0,UPI,Food
2026-07-16,HOTSTAR *2460,760.0,UPI,Entertainment
2026-07-21,torrent power *7241   ,2995.0,NetBanking,Bills
2026-01-20,NETFLIX *1205,283.0,Card,Entertainment
2026-06-02,METRO RECHARGE *2968,743.0,Card,Travel
2026-06-07,DOMINOS PIZZA *6644,,NetBanking,Food
2026-01-16,STARBUCKS *2674,348.0,UPI,Food
2025-10-16,UBER TRIP *9684,5585.0,Card,Travel
2025-12-04,SWIGGY ORDER *6614,752.0,NetBanking,Food
2026-09-04,SWIGGY ORDER *5893,320.0,NetBanking,Food
2026-03-13,hotstar *1285   ,363.0,UPI,Entertainment
2026-04-04,RELIANCE TRENDS *3179,1604.0,Card,Shopping
2025-12-21,RELIANCE TRENDS *8823,4435.0,UPI,Shopping
2025-12-10,SWIGGY ORDER *5025,278.0,UPI,Food
2025-11-19,RELIANCE TRENDS *5958,3763.0,Card,Shopping
2025-10-26,UBER TRIP *1453,1744.0,UPI,Travel
2025-12-25,INDIGO AIRLINES *7558,2066.0,Card,Travel
2026-04-21,CHAI POINT *9215,370.0,UPI,Food
2025-11-22,AMAZON PAY *1502,1539.0,Card,Shopping
2026-03-19,IRCTC TICKET *1545,2501.0,NetBanking,Travel
2026-08-06,BOOKMYSHOW *1667,397.0,UPI,Entertainment
2025-10-25,PVR CINEMAS *6772,215.0,Card,Entertainment
2025-10-24,ZOMATO *2741,770.0,Card,Food
2026-03-02,BOOKMYSHOW *4084,732.0,NetBanking,Entertainment
2026-05-28,AMAZON PAY *6917,1994.0,UPI,Shopping
2025-11-02,SPOTIFY *5299,616.0,UPI,Entertainment
2026-01-16,BOOKMYSHOW *4075,191.0,NetBanking,Entertainment
2026-08-02,SWIGGY ORDER *2689,553.0,Card,Food
2026-06-18,gas bill *1804   ,1083.0,Card,Bills
2026-01-01,BOOKMYSHOW *1386,448.0,Card,Entertainment
2025-11-24,netflix *2446   ,515.0,UPI,Entertainment
2026-05-06,GAS BILL *9707,1775.0,UPI,Bills
2026-08-26,UBER TRIP *2537,5216.0,Card,Travel
2026-01-01,UBER TRIP *9175,3888.0,NetBanking,Travel
2025-10-25,ZOMATO *8468,398.0,NetBanking,Food
2026-03-13,IRCTC TICKET *5042,5270.0,Card,Travel
2025-10-26,UBER TRIP *1453,1744.0,UPI,Travel
2026-09-23,MYNTRA *6647,2622.0,Card,Shopping
2026-03-21,SWIGGY ORDER *1719,134.0,Card,Food
2025-12-28,INDIGO AIRLINES *4406,1827.0,UPI,Travel
2026-04-24,CHAI POINT *7783,534.0,NetBanking,Food
2026-08-16,DOMINOS PIZZA *1500,245.0,NetBanking,Food
2026-07-03,NETFLIX *7382,400.0,Card,Entertainment
2026-05-14,OLA CABS *9861,5899.0,UPI,Travel
2026-01-14,OLA CABS *2702,2041.0,UPI,Travel
2026-02-05,UBER TRIP *6406,4112.0,Card,Travel
2026-09-05,METRO RECHARGE *8493,4143.0,UPI,Travel
2026-07-15,SPOTIFY *4155,120.0,NetBanking,Entertainment
2026-03-10,HOTSTAR *1238,630.0,Card,Entertainment
2025-11-30,METRO RECHARGE *5805,846.0,NetBanking,Travel
2026-09-09,STARBUCKS *5704,716.0,UPI,Food
2026-03-01,FLIPKART *2238,2413.0,NetBanking,Shopping
2026-09-22,UBER TRIP *1175,5136.0,NetBanking,Travel
2025-11-04,CHAI POINT *4175,594.0,UPI,Food
2025-11-07,INDIGO AIRLINES *6315,794.0,NetBanking,Travel
2026-04-10,METRO RECHARGE *9690,4957.0,UPI,Travel
2025-10-02,JIO RECHARGE *7368,2998.0,UPI,Bills
2026-06-13,FLIPKART *7093,426.0,UPI,Shopping
2026-03-12,STARBUCKS *2715,605.0,UPI,Food
2026-02-05,DMART *3738,1416.0,UPI,Shopping
2026-03-11,LIC PREMIUM *5370,355.0,UPI,Bills
2026-05-23,NETFLIX *2725,215.0,NetBanking,Entertainment
2026-01-23,SWIGGY ORDER *5376,334.0,UPI,Food
2025-12-05,DOMINOS PIZZA *9853,79.0,UPI,Food
2026-01-15,BOOKMYSHOW *1824,316.0,UPI,Entertainment
2026-08-03,METRO RECHARGE *4518,2982.0,UPI,Travel
2026-04-24,BOOKMYSHOW *1823,458.0,UPI,Entertainment
2026-09-09,FLIPKART *3970,211.0,NetBanking,Shopping
2026-09-20,chai point *3743   ,758.0,Card,Food
2026-06-22,DMART *8843,,NetBanking,Shopping
2026-06-07,bookmyshow *3925   ,400.0,UPI,Entertainment
2026-08-04,INDIGO AIRLINES *5568,4247.0,Card,Travel
2026-01-03,STARBUCKS *4170,759.0,UPI,Food
2026-03-15,bookmyshow *8645   ,853.0,NetBanking,Entertainment
2026-06-09,TORRENT POWER *6738,1722.0,NetBanking,Bills
2026-02-14,SPOTIFY *3635,645.0,UPI,Entertainment
2026-04-14,METRO RECHARGE *7633,637.0,NetBanking,Travel
2026-07-23,DMART *4395,1013.0,Card,Shopping
2025-11-27,DMART *9932,316.0,Card,Shopping
2026-06-13,INDIGO AIRLINES *6656,2025.0,UPI,Travel
2026-07-02,chai point *4273   ,503.0,Card,Food
2026-03-05,TORRENT POWER *6193,2652.0,NetBanking,Bills
2026-01-19,BOOKMYSHOW *7371,209.0,Card,Entertainment
2026-06-15,ZOMATO *4845,678.0,NetBanking,Food
2026-02-16,IRCTC TICKET *4708,801.0,Card,Travel
2025-10-24,AIRTEL BROADBAND *7213,2053.0,NetBanking,Bills
2026-05-08,FLIPKART *7738,1777.0,UPI,Shopping
2026-03-27,PVR CINEMAS *7523,756.0,Card,Entertainment
2026-02-26,SPOTIFY *3827,660.0,Card,Entertainment
2026-01-26,HOTSTAR *1443,450.0,NetBanking,Entertainment
2026-08-29,AMAZON PAY *2014,2332.0,UPI,Shopping
2026-06-27,GAS BILL *8548,2877.0,Card,Bills
2026-06-27,OLA CABS *5799,726.0,UPI,Travel
2026-01-27,HOTSTAR *9789,480.0,UPI,Entertainment
2026-08-07,amazon pay *3000   ,2956.0,NetBanking,Shopping
2025-11-16,spotify *8846   ,550.0,UPI,Entertainment
2025-10-10,LIC PREMIUM *4185,2873.0,Card,Bills
2026-03-24,AIRTEL BROADBAND *7142,2969.0,NetBanking,Bills
2026-06-16,RELIANCE TRENDS *1282,2098.0,Card,Shopping
2025-10-01,HOTSTAR *9210,430.0,UPI,Entertainment
2026-05-22,NETFLIX *3892,273.0,UPI,Entertainment
2025-10-04,JIO RECHARGE *6468,1070.0,UPI,Bills
2026-03-29,JIO RECHARGE *3761,2676.0,UPI,Bills
2026-08-25,NETFLIX *1296,460.0,UPI,Entertainment
2026-02-06,JIO RECHARGE *6413,1419.0,UPI,Bills
2026-04-04,ZOMATO *2423,266.0,Card,Food
2025-10-01,JIO RECHARGE *2854,716.0,NetBanking,Bills
2026-06-17,HOTSTAR *6565,547.0,UPI,Entertainment
2026-04-11,JIO RECHARGE *5658,2923.0,NetBanking,Bills
2026-06-13,DOMINOS PIZZA *1698,135.0,UPI,Food
2026-06-24,zomato *1689   ,312.0,NetBanking,Food
2025-10-18,AIRTEL BROADBAND *5059,,Card,Bills
2026-04-17,INDIGO AIRLINES *1959,732.0,Card,Travel
2025-12-04,FLIPKART *3402,3412.0,Card,Shopping
2025-10-22,zomato *5968   ,659.0,UPI,Food
2026-04-04,NETFLIX *9662,316.0,UPI,Entertainment
2026-01-13,IRCTC TICKET *4644,1243.0,Card,Travel
2025-12-29,HOTSTAR *9125,318.0,Card,Entertainment
2026-03-25,DOMINOS PIZZA *9007,557.0,NetBanking,Food
2026-01-19,LIC PREMIUM *7652,2470.0,NetBanking,Bills
2025-10-03,metro recharge *3261   ,4209.0,NetBanking,Travel
2026-03-31,BOOKMYSHOW *9974,851.0,NetBanking,Entertainment
2025-12-24,AIRTEL BROADBAND *1556,1309.0,NetBanking,Bills
2026-05-31,DMART *9664,1158.0,UPI,Shopping
2026-09-18,RELIANCE TRENDS *6142,4870.0,NetBanking,Shopping
2026-02-23,FLIPKART *7928,4821.0,Card,Shopping
2026-05-24,UBER TRIP *7738,2512.0,UPI,Travel
2025-11-27,DMART *8426,541.0,Card,Shopping
2026-01-01,AIRTEL BROADBAND *6161,2576.0,NetBanking,Bills
2025-10-06,FLIPKART *6911,3703.0,NetBanking,Shopping
2026-03-09,UBER TRIP *1851,1727.0,Card,Travel
2025-11-09,gas bill *2709   ,1836.0,NetBanking,Bills
2026-03-15,LIC PREMIUM *4382,217.0,NetBanking,Bills
2026-01-05,RELIANCE TRENDS *9558,727.0,NetBanking,Shopping
2026-09-02,AIRTEL BROADBAND *3466,2088.0,NetBanking,Bills
2026-06-04,HOTSTAR *9130,174.0,Card,Entertainment
2026-06-06,SPOTIFY *6633,270.0,UPI,Entertainment
2026-01-09,myntra *4809   ,2611.0,Card,Shopping
2026-01-03,AIRTEL BROADBAND *5675,1040.0,Card,Bills
2026-01-26,OLA CABS *1770,4002.0,Card,Travel
2025-11-28,starbucks *4424   ,504.0,NetBanking,Food
2025-12-25,RELIANCE TRENDS *3744,3556.0,Card,Shopping
2026-01-22,TORRENT POWER *1412,878.0,UPI,Bills
2026-07-24,FLIPKART *4003,4880.0,UPI,Shopping
2026-03-22,LIC PREMIUM *4574,1556.0,Card,Bills
2026-06-19,SPOTIFY *6904,518.0,UPI,Entertainment
2025-12-28,CHAI POINT *9899,409.0,NetBanking,Food
2026-07-16,NETFLIX *8280,303.0,UPI,Entertainment
2026-05-27,FLIPKART *7731,1153.0,UPI,Shopping
2026-03-10,TORRENT POWER *6111,2806.0,Card,Bills
2026-01-17,OLA CABS *7849,1098.0,NetBanking,Travel
2026-07-24,DMART *8986,470.0,Card,Shopping
2026-06-07,AIRTEL BROADBAND *9381,2908.0,UPI,Bills
2026-02-06,AMAZON PAY *8209,4186.0,UPI,Shopping
2025-11-12,DOMINOS PIZZA *2907,,Card,Food
2025-11-23,FLIPKART *9653,3439.0,NetBanking,Shopping
2025-11-09,INDIGO AIRLINES *9711,5775.0,UPI,Travel
2026-08-19,AMAZON PAY *2218,1555.0,Card,Shopping
2026-02-15,METRO RECHARGE *3219,2100.0,Card,Travel
2026-08-15,CHAI POINT *6109,560.0,UPI,Food
2026-03-08,MYNTRA *4558,1780.0,Card,Shopping
2026-05-17,SPOTIFY *5439,178.0,UPI,Entertainment
2026-08-10,CHAI POINT *7396,620.0,NetBanking,Food
2026-05-14,PVR CINEMAS *4636,322.0,Card,Entertainment
2025-12-25,AMAZON PAY *5624,,Card,Shopping
2025-11-29,SPOTIFY *3249,860.0,Card,Entertainment
2025-12-19,SWIGGY ORDER *1081,194.0,NetBanking,Food
2026-05-14,RELIANCE TRENDS *8878,1084.0,NetBanking,Shopping
2026-07-21,indigo airlines *3433   ,5351.0,UPI,Travel
2025-12-18,METRO RECHARGE *5757,3034.0,UPI,Travel
2026-04-09,JIO RECHARGE *1652,1853.0,NetBanking,Bills
2026-04-27,ZOMATO *3374,284.0,NetBanking,Food
2025-11-21,DMART *6920,3417.0,UPI,Shopping
2026-02-05,GAS BILL *7694,2535.0,UPI,Bills
2026-08-21,METRO RECHARGE *5603,2818.0,UPI,Travel
2026-03-02,DOMINOS PIZZA *2672,663.0,UPI,Food
2025-12-17,BOOKMYSHOW *8242,140.0,Card,Entertainment
2026-02-04,DOMINOS PIZZA *1444,778.0,NetBanking,Food
2025-12-11,TORRENT POWER *5366,272.0,UPI,Bills
2026-04-07,RELIANCE TRENDS *2376,2943.0,NetBanking,Shopping
2025-12-12,UBER TRIP *3970,1192.0,NetBanking,Travel
2025-11-27,AMAZON PAY *1933,3798.0,Card,Shopping
2025-11-28,STARBUCKS *1565,401.0,NetBanking,Food
2026-05-06,METRO RECHARGE *6820,3092.0,Card,Travel
2025-11-14,LIC PREMIUM *3985,425.0,UPI,Bills
2026-03-16,amazon pay *1508   ,1861.0,UPI,Shopping
2026-01-18,dominos pizza *3946   ,485.0,NetBanking,Food
2026-04-12,GAS BILL *7378,2915.0,Card,Bills
2026-08-18,HOTSTAR *9996,840.0,Card,Entertainment
2026-02-09,SPOTIFY *2846,553.0,Card,Entertainment
2026-06-04,PVR CINEMAS *6212,366.0,NetBanking,Entertainment
2026-09-02,airtel broadband *9697   ,1279.0,Card,Bills
2026-04-01,PVR CINEMAS *6644,377.0,UPI,Entertainment
2026-06-17,UBER TRIP *7655,1224.0,UPI,Travel
2025-10-18,NETFLIX *5152,210.0,UPI,Entertainment
2026-02-20,IRCTC TICKET *7821,2486.0,UPI,Travel
2026-04-05,SPOTIFY *5659,531.0,NetBanking,Entertainment
2026-08-14,UBER TRIP *7166,3669.0,NetBanking,Travel
2026-09-24,SWIGGY ORDER *1552,429.0,Card,Food
2026-03-22,GAS BILL *8189,2403.0,NetBanking,Bills
2026-05-30,ZOMATO *4897,291.0,UPI,Food
2026-02-08,metro recharge *1786   ,4408.0,UPI,Travel
2026-09-20,UBER TRIP *5784,1320.0,UPI,Travel
2026-06-22,TORRENT POWER *8513,2762.0,Card,Bills
2025-10-16,TORRENT POWER *5424,1632.0,Card,Bills
2026-09-21,METRO RECHARGE *1044,1850.0,NetBanking,Travel
2026-02-16,DOMINOS PIZZA *7999,208.0,NetBanking,Food
2026-04-19,AIRTEL BROADBAND *3160,1130.0,UPI,Bills
2026-05-22,BOOKMYSHOW *4867,477.0,Card,Entertainment
2026-08-24,DOMINOS PIZZA *9808,542.0,NetBanking,Food
2025-12-10,JIO RECHARGE *7869,1750.0,UPI,Bills
2026-04-23,UBER TRIP *7915,4391.0,NetBanking,Travel
2026-09-15,OLA CABS *1583,4567.0,Card,Travel
2026-06-28,FLIPKART *9134,1124.0,NetBanking,Shopping
2026-05-12,ZOMATO *7163,683.0,Card,Food
2026-09-02,DMART *8101,4660.0,NetBanking,Shopping
2026-01-28,FLIPKART *8610,3085.0,NetBanking,Shopping
2025-10-28,PVR CINEMAS *2074,791.0,NetBanking,Entertainment
2026-08-15,MYNTRA *5798,2259.0,UPI,Shopping
2026-04-22,INDIGO AIRLINES *2054,5784.0,UPI,Travel
2026-04-19,STARBUCKS *7852,485.0,UPI,Food
2026-06-18,BOOKMYSHOW *9776,784.0,Card,Entertainment
2026-07-10,ZOMATO *3101,749.0,NetBanking,Food
2026-06-07,CHAI POINT *3196,454.0,NetBanking,Food
2026-06-07,starbucks *4558   ,442.0,Card,Food
2026-04-07,CHAI POINT *5483,300.0,Card,Food
2026-02-28,DOMINOS PIZZA *3682,203.0,Card,Food
2026-03-22,pvr cinemas *5970   ,299.0,UPI,Entertainment
2026-09-07,OLA CABS *5777,4973.0,NetBanking,Travel
2026-03-28,airtel broadband *2205   ,813.0,UPI,Bills
2025-11-05,DOMINOS PIZZA *6073,155.0,NetBanking,Food
2026-01-08,UBER TRIP *8509,2761.0,NetBanking,Travel
2025-10-27,TORRENT POWER *7644,534.0,NetBanking,Bills
2025-10-21,HOTSTAR *1768,479.0,UPI,Entertainment
2026-03-10,JIO RECHARGE *4758,2051.0,Card,Bills
2026-05-28,TORRENT POWER *3580,290.0,UPI,Bills
2026-01-17,CHAI POINT *9758,763.0,NetBanking,Food
2026-07-12,DMART *5177,713.0,UPI,Shopping
2026-03-25,RELIANCE TRENDS *9228,3587.0,UPI,Shopping
2026-04-14,amazon pay *2804   ,3913.0,UPI,Shopping
2026-04-26,JIO RECHARGE *3423,315.0,Card,Bills
2026-01-19,SWIGGY ORDER *1827,742.0,UPI,Food
2026-08-19,BOOKMYSHOW *2742,381.0,Card,Entertainment
2025-10-23,METRO RECHARGE *4364,1072.0,NetBanking,Travel
2026-05-10,TORRENT POWER *9243,2313.0,Card,Bills
2026-05-10,LIC PREMIUM *6570,1816.0,UPI,Bills
2026-05-30,SPOTIFY *3082,825.0,UPI,Entertainment
2026-02-26,OLA CABS *4747,691.0,NetBanking,Travel
2026-09-03,TORRENT POWER *7722,159.0,UPI,Bills
2026-08-17,BOOKMYSHOW *3440,798.0,NetBanking,Entertainment
2026-05-28,LIC PREMIUM *4932,2178.0,NetBanking,Bills
2026-08-27,PVR CINEMAS *7683,376.0,UPI,Entertainment
2026-08-15,reliance trends *1839   ,202.0,UPI,Shopping
2026-08-20,JIO RECHARGE *1270,2618.0,UPI,Bills
2026-08-07,STARBUCKS *9120,712.0,Card,Food
2026-06-03,ZOMATO *1808,231.0,NetBanking,Food
2026-02-06,chai point *2081   ,693.0,UPI,Food
2026-01-07,AMAZON PAY *5025,3118.0,Card,Shopping
2026-07-12,JIO RECHARGE *5154,,Card,Bills
2026-08-15,JIO RECHARGE *3832,2974.0,NetBanking,Bills
2026-01-08,torrent power *9269   ,2981.0,NetBanking,Bills
2026-02-06,LIC PREMIUM *4675,1748.0,UPI,Bills
2026-03-27,JIO RECHARGE *6546,2906.0,NetBanking,Bills
2026-07-05,AMAZON PAY *7000,4439.0,UPI,Shopping
2026-04-02,AIRTEL BROADBAND *4109,2336.0,NetBanking,Bills
2025-12-18,TORRENT POWER *5555,2258.0,UPI,Bills
2025-10-09,TORRENT POWER *7616,1142.0,Card,Bills
2025-12-06,TORRENT POWER *6604,2796.0,UPI,Bills
2026-08-20,LIC PREMIUM *9787,2743.0,UPI,Bills
2026-09-01,IRCTC TICKET *8693,112.0,NetBanking,Travel
2026-02-12,NETFLIX *3269,254.0,Card,Entertainment
2026-03-19,DMART *4057,750.0,NetBanking,Shopping
2026-05-12,FLIPKART *4719,2781.0,Card,Shopping
2026-02-28,INDIGO AIRLINES *6374,1440.0,UPI,Travel
2026-08-12,OLA CABS *4525,3379.0,Card,Travel
2025-12-28,HOTSTAR *1665,777.0,UPI,Entertainment
2026-09-24,DMART *2995,4091.0,NetBanking,Shopping
2026-03-15,ZOMATO *1105,275.0,Card,Food
2025-12-23,STARBUCKS *5037,465.0,Card,Food
2026-06-09,DOMINOS PIZZA *9893,211.0,Card,Food
2025-10-13,JIO RECHARGE *3257,2938.0,UPI,Bills
2026-08-21,AMAZON PAY *3367,3486.0,NetBanking,Shopping
2026-05-27,METRO RECHARGE *4907,847.0,NetBanking,Travel
2026-01-14,UBER TRIP *7324,265.0,UPI,Travel
2026-03-14,chai point *4439   ,351.0,UPI,Food
2026-07-27,METRO RECHARGE *9234,983.0,NetBanking,Travel
2026-05-23,MYNTRA *1897,1285.0,UPI,Shopping
2025-11-29,DMART *7003,3090.0,Card,Shopping
2026-04-14,JIO RECHARGE *5439,2026.0,NetBanking,Bills
2025-12-08,AMAZON PAY *1235,2169.0,Card,Shopping
2026-03-31,NETFLIX *4853,797.0,UPI,Entertainment
2026-04-23,SWIGGY ORDER *9663,133.0,UPI,Food
2025-10-08,netflix *1271   ,344.0,UPI,Entertainment
2026-03-15,GAS BILL *4867,1269.0,UPI,Bills
2025-11-23,SPOTIFY *3575,618.0,NetBanking,Entertainment
2025-12-13,dmart *1007   ,2755.0,UPI,Shopping
2026-07-23,AMAZON PAY *4412,256.0,NetBanking,Shopping
2026-05-11,indigo airlines *6457   ,4301.0,NetBanking,Travel
2025-12-07,JIO RECHARGE *8561,216.0,UPI,Bills
2026-03-16,gas bill *4273   ,295.0,NetBanking,Bills
2026-05-01,gas bill *1587   ,625.0,Card,Bills
2026-07-15,DOMINOS PIZZA *8795,397.0,Card,Food
2026-01-29,ZOMATO *1300,783.0,NetBanking,Food
2026-01-31,METRO RECHARGE *9378,1837.0,UPI,Travel
2026-07-08,PVR CINEMAS *9906,149.0,NetBanking,Entertainment
2026-02-16,OLA CABS *7364,312.0,Card,Travel
2025-12-05,SPOTIFY *8002,228.0,NetBanking,Entertainment
2026-08-22,NETFLIX *4055,787.0,NetBanking,Entertainment
2026-05-02,SWIGGY ORDER *1107,224.0,UPI,Food
2025-12-04,HOTSTAR *9006,619.0,UPI,Entertainment
2026-06-12,LIC PREMIUM *5524,583.0,NetBanking,Bills
2025-10-21,INDIGO AIRLINES *1406,1054.0,NetBanking,Travel
2026-05-11,metro recharge *2757   ,5125.0,Card,Travel
2026-02-05,CHAI POINT *5607,104.0,NetBanking,Food
2026-02-01,PVR CINEMAS *2404,391.0,UPI,Entertainment
2025-12-21,GAS BILL *6092,2076.0,Card,Bills
2026-06-21,DOMINOS PIZZA *6728,688.0,NetBanking,Food
2025-11-27,HOTSTAR *3739,439.0,UPI,Entertainment
2026-03-30,PVR CINEMAS *3790,399.0,UPI,Entertainment
2026-05-05,SWIGGY ORDER *9569,178.0,Card,Food
2026-03-03,DMART *9633,2276.0,UPI,Shopping
2026-01-05,DMART *9708,2816.0,Card,Shopping
2026-07-29,torrent power *6325   ,2787.0,NetBanking,Bills
2026-03-20,TORRENT POWER *8549,2370.0,NetBanking,Bills
2026-02-18,LIC PREMIUM *5882,1975.0,Card,Bills
2026-02-12,SPOTIFY *6393,486.0,UPI,Entertainment
2026-03-25,STARBUCKS *5522,176.0,Card,Food
2026-06-02,TORRENT POWER *4645,1855.0,UPI,Bills
2026-04-13,FLIPKART *1629,469.0,Card,Shopping
2026-06-03,INDIGO AIRLINES *2941,3188.0,Card,Travel
2025-11-20,RELIANCE TRENDS *7900,4186.0,Card,Shopping
2026-02-18,UBER TRIP *7376,1457.0,UPI,Travel
2026-08-28,INDIGO AIRLINES *6432,1426.0,NetBanking,Travel
2026-02-21,gas bill *6866   ,2716.0,UPI,Bills
2025-11-08,DMART *6141,4508.0,Card,Shopping
2026-08-13,JIO RECHARGE *7082,784.0,Card,Bills
2026-04-09,JIO RECHARGE *9040,1373.0,Card,Bills
2025-11-02,LIC PREMIUM *2223,917.0,NetBanking,Bills
2026-05-18,FLIPKART *9849,2980.0,NetBanking,Shopping
2026-09-14,AMAZON PAY *5366,1706.0,NetBanking,Shopping
2026-05-12,UBER TRIP *2435,611.0,NetBanking,Travel
2026-01-13,TORRENT POWER *8433,402.0,NetBanking,Bills
2025-12-07,DMART *3506,1737.0,Card,Shopping
2025-12-09,TORRENT POWER *3933,1365.0,UPI,Bills
2026-07-27,SPOTIFY *2645,294.0,UPI,Entertainment
2026-02-28,jio recharge *7257   ,2946.0,Card,Bills
2026-09-23,INDIGO AIRLINES *2098,3466.0,NetBanking,Travel
2026-02-16,UBER TRIP *4551,4145.0,Card,Travel
2026-06-26,NETFLIX *9792,479.0,Card,Entertainment
2026-02-08,PVR CINEMAS *1529,650.0,UPI,Entertainment
2026-05-11,JIO RECHARGE *4839,509.0,UPI,Bills
2026-08-26,SWIGGY ORDER *2464,450.0,UPI,Food
2025-12-01,BOOKMYSHOW *8898,503.0,Card,Entertainment
2025-10-22,SPOTIFY *4799,717.0,UPI,Entertainment
2026-03-07,RELIANCE TRENDS *2145,4594.0,NetBanking,Shopping
2026-03-27,jio recharge *8135   ,1159.0,NetBanking,Bills
2026-08-31,METRO RECHARGE *4932,2169.0,Card,Travel
2026-07-26,GAS BILL *1956,2996.0,NetBanking,Bills
2026-07-27,UBER TRIP *9075,5761.0,UPI,Travel
2026-03-17,FLIPKART *2074,2114.0,UPI,Shopping
2026-01-06,SWIGGY ORDER *6239,352.0,NetBanking,Food
2026-01-04,PVR CINEMAS *7452,873.0,UPI,Entertainment
2026-09-10,AIRTEL BROADBAND *3535,2082.0,UPI,Bills
2025-12-21,reliance trends *1844   ,646.0,Card,Shopping
2026-05-01,NETFLIX *7401,628.0,NetBanking,Entertainment
2025-11-08,NETFLIX *3007,899.0,NetBanking,Entertainment
2026-07-21,FLIPKART *7294,4603.0,Card,Shopping
2026-03-28,netflix *7362   ,887.0,UPI,Entertainment
2026-08-02,IRCTC TICKET *3309,5986.0,UPI,Travel
2026-07-05,GAS BILL *4475,1814.0,Card,Bills
2026-04-02,AIRTEL BROADBAND *5218,550.0,NetBanking,Bills
2025-10-05,IRCTC TICKET *2015,1864.0,Card,Travel
2026-02-11,indigo airlines *4096   ,3296.0,UPI,Travel
2026-01-26,swiggy order *2673   ,624.0,NetBanking,Food
2026-08-16,SPOTIFY *4056,891.0,Card,Entertainment
2025-11-18,LIC PREMIUM *5422,1942.0,UPI,Bills
2026-07-16,airtel broadband *3384   ,959.0,Card,Bills
2026-05-04,AMAZON PAY *4998,872.0,NetBanking,Shopping
2026-08-21,SWIGGY ORDER *7158,746.0,NetBanking,Food
2025-10-01,DMART *8234,2532.0,UPI,Shopping
2026-04-29,IRCTC TICKET *9695,3229.0,NetBanking,Travel
2026-02-13,CHAI POINT *1249,373.0,UPI,Food
2026-07-31,uber trip *5548   ,3148.0,NetBanking,Travel
2026-07-09,JIO RECHARGE *5861,2292.0,UPI,Bills
2025-12-31,GAS BILL *6311,,UPI,Bills
2026-09-05,JIO RECHARGE *9320,587.0,NetBanking,Bills
2026-04-19,irctc ticket *3587   ,3104.0,NetBanking,Travel
2026-07-07,INDIGO AIRLINES *9809,2205.0,UPI,Travel
2026-08-06,IRCTC TICKET *7376,1840.0,UPI,Travel
2026-03-28,DOMINOS PIZZA *3259,293.0,UPI,Food
2026-09-09,UBER TRIP *2058,2789.0,UPI,Travel
2026-04-22,LIC PREMIUM *7617,2629.0,UPI,Bills
2025-10-19,STARBUCKS *3759,791.0,NetBanking,Food
2026-08-16,OLA CABS *1276,2039.0,Card,Travel
2025-11-17,INDIGO AIRLINES *8764,5187.0,Card,Travel
2025-12-19,TORRENT POWER *6580,1109.0,Card,Bills
2026-08-17,NETFLIX *2428,381.0,Card,Entertainment
2026-06-04,BOOKMYSHOW *9711,239.0,Card,Entertainment
2026-09-14,MYNTRA *1442,4875.0,Card,Shopping
2025-10-05,PVR CINEMAS *9848,711.0,Card,Entertainment
2026-08-23,RELIANCE TRENDS *5076,1293.0,UPI,Shopping
2025-11-27,amazon pay *2515   ,774.0,NetBanking,Shopping
2025-12-31,metro recharge *1446   ,148.0,UPI,Travel
2026-08-22,JIO RECHARGE *6463,378.0,Card,Bills
2026-04-06,SPOTIFY *3758,627.0,Card,Entertainment
2026-03-17,reliance trends *9065   ,4080.0,UPI,Shopping
2025-12-01,UBER TRIP *5334,4330.0,Card,Travel
2026-05-03,MYNTRA *9159,2273.0,NetBanking,Shopping
2026-04-30,ZOMATO *9699,75.0,Card,Food
2026-05-01,STARBUCKS *9433,552.0,UPI,Food
2026-04-15,INDIGO AIRLINES *7875,4471.0,UPI,Travel
2025-10-18,STARBUCKS *6189,397.0,NetBanking,Food
2026-07-09,UBER TRIP *6756,4454.0,NetBanking,Travel
2026-04-06,AMAZON PAY *5798,2555.0,NetBanking,Shopping
2026-02-21,AIRTEL BROADBAND *5980,545.0,UPI,Bills
2026-04-10,RELIANCE TRENDS *3052,3508.0,UPI,Shopping
2026-03-13,NETFLIX *8062,401.0,NetBanking,Entertainment
2026-02-20,OLA CABS *4041,145.0,NetBanking,Travel
2026-01-11,MYNTRA *8850,1704.0,Card,Shopping
2026-08-14,AIRTEL BROADBAND *4735,1310.0,NetBanking,Bills
2025-11-14,JIO RECHARGE *9060,1264.0,Card,Bills
2026-08-29,INDIGO AIRLINES *6249,1356.0,UPI,Travel
2026-08-06,UBER TRIP *4175,4321.0,Card,Travel
2025-11-18,DOMINOS PIZZA *8413,348.0,Card,Food
2026-06-05,INDIGO AIRLINES *2701,1326.0,UPI,Travel
2026-03-05,FLIPKART *6588,3320.0,NetBanking,Shopping
2026-06-28,FLIPKART *8569,2430.0,UPI,Shopping
2026-09-02,OLA CABS *4988,296.0,UPI,Travel
2026-08-09,TORRENT POWER *5780,169.0,UPI,Bills
2026-05-31,CHAI POINT *3702,100.0,NetBanking,Food
2026-02-25,IRCTC TICKET *6591,3766.0,NetBanking,Travel
2026-07-10,FLIPKART *3402,,NetBanking,Shopping
2026-01-25,MYNTRA *9458,2045.0,UPI,Shopping
2026-06-25,STARBUCKS *4312,72.0,NetBanking,Food
2026-07-06,FLIPKART *4381,3080.0,Card,Shopping
2026-03-23,DOMINOS PIZZA *4741,490.0,NetBanking,Food
2026-04-27,IRCTC TICKET *6302,5594.0,NetBanking,Travel
2026-06-09,DOMINOS PIZZA *8374,269.0,NetBanking,Food
2025-11-16,BOOKMYSHOW *1260,315.0,UPI,Entertainment
2026-02-28,LIC PREMIUM *1178,2394.0,NetBanking,Bills
2026-04-02,ola cabs *6911   ,1385.0,UPI,Travel
2025-10-12,AMAZON PAY *8183,774.0,UPI,Shopping
2026-03-31,AMAZON PAY *4009,4951.0,Card,Shopping
2026-03-30,jio recharge *6688   ,796.0,UPI,Bills
2026-01-12,IRCTC TICKET *2963,5193.0,Card,Travel
2025-10-21,AMAZON PAY *8718,1325.0,Card,Shopping
2026-07-22,SPOTIFY *5284,524.0,UPI,Entertainment
2026-05-14,AMAZON PAY *3783,3844.0,Card,Shopping
2025-11-05,JIO RECHARGE *7868,1581.0,Card,Bills
2026-06-30,METRO RECHARGE *8503,5347.0,NetBanking,Travel
2026-05-06,NETFLIX *1815,783.0,NetBanking,Entertainment
2026-01-05,MYNTRA *4675,3254.0,Card,Shopping
2026-03-16,GAS BILL *4539,,UPI,Bills
2026-08-09,flipkart *2141   ,1835.0,UPI,Shopping
2025-10-01,SWIGGY ORDER *3313,550.0,Card,Food
2026-03-12,HOTSTAR *7204,536.0,UPI,Entertainment
2026-09-18,INDIGO AIRLINES *2091,1236.0,NetBanking,Travel
2026-02-22,LIC PREMIUM *4057,2234.0,UPI,Bills
2025-10-07,PVR CINEMAS *7571,215.0,NetBanking,Entertainment
2026-06-01,JIO RECHARGE *3949,315.0,Card,Bills
2026-05-23,HOTSTAR *4607,621.0,UPI,Entertainment
2026-04-14,bookmyshow *9737   ,662.0,Card,Entertainment
2026-01-19,BOOKMYSHOW *2784,537.0,NetBanking,Entertainment
2025-10-20,DOMINOS PIZZA *1968,189.0,UPI,Food
2025-10-29,AMAZON PAY *2782,3720.0,UPI,Shopping
2025-11-09,SWIGGY ORDER *4957,395.0,UPI,Food
2026-03-24,CHAI POINT *3230,251.0,UPI,Food
2026-05-03,BOOKMYSHOW *1990,887.0,Card,Entertainment
2025-11-02,LIC PREMIUM *8813,2276.0,NetBanking,Bills
2025-10-12,FLIPKART *7046,4245.0,Card,Shopping
2025-12-29,DOMINOS PIZZA *8659,258.0,Card,Food
2025-12-24,LIC PREMIUM *8239,2764.0,UPI,Bills
2026-09-07,PVR CINEMAS *9324,541.0,UPI,Entertainment
2026-02-05,GAS BILL *6724,1985.0,UPI,Bills
2026-05-17,DOMINOS PIZZA *4157,633.0,UPI,Food
2026-08-19,DOMINOS PIZZA *4281,674.0,UPI,Food
2025-12-11,AIRTEL BROADBAND *6179,2627.0,UPI,Bills
2026-02-27,BOOKMYSHOW *3422,668.0,NetBanking,Entertainment
2026-05-30,AMAZON PAY *4536,4002.0,Card,Shopping
2026-09-13,SPOTIFY *2831,644.0,NetBanking,Entertainment
2026-09-17,SWIGGY ORDER *5195,118.0,Card,Food
2026-02-05,AIRTEL BROADBAND *5555,1104.0,NetBanking,Bills
2026-08-28,BOOKMYSHOW *4432,355.0,UPI,Entertainment
2026-09-09,INDIGO AIRLINES *2007,5485.0,NetBanking,Travel
2026-07-16,PVR CINEMAS *6608,590.0,Card,Entertainment
2025-11-03,DOMINOS PIZZA *1028,765.0,UPI,Food
2026-03-30,PVR CINEMAS *3790,399.0,UPI,Entertainment
2025-10-17,FLIPKART *2115,4778.0,NetBanking,Shopping
2025-10-11,CHAI POINT *8787,85.0,UPI,Food
2025-12-17,UBER TRIP *6490,3097.0,Card,Travel
2025-10-18,JIO RECHARGE *3196,2858.0,Card,Bills
2025-11-28,HOTSTAR *7980,259.0,UPI,Entertainment
2026-03-25,ZOMATO *5491,667.0,UPI,Food
2026-07-26,TORRENT POWER *4238,1886.0,Card,Bills
2026-02-15,LIC PREMIUM *3097,1944.0,UPI,Bills
2026-05-12,DOMINOS PIZZA *8876,713.0,Card,Food
2025-12-27,SPOTIFY *3176,439.0,NetBanking,Entertainment
2026-08-09,IRCTC TICKET *1364,1840.0,NetBanking,Travel
2026-09-14,TORRENT POWER *1832,462.0,NetBanking,Bills
2026-09-03,TORRENT POWER *7781,427.0,Card,Bills
2026-01-16,metro recharge *8982   ,3106.0,UPI,Travel
2026-07-07,JIO RECHARGE *1071,2718.0,Card,Bills
2026-07-05,AIRTEL BROADBAND *6682,1836.0,NetBanking,Bills
2026-03-24,RELIANCE TRENDS *7116,2412.0,UPI,Shopping
2026-08-12,netflix *7041   ,329.0,NetBanking,Entertainment
2026-03-21,SPOTIFY *9154,645.0,UPI,Entertainment
2026-09-23,NETFLIX *1506,657.0,UPI,Entertainment
2026-09-13,AIRTEL BROADBAND *7780,2624.0,NetBanking,Bills
2026-02-12,CHAI POINT *9392,92.0,NetBanking,Food
2025-12-28,FLIPKART *4731,651.0,NetBanking,Shopping
2026-03-21,INDIGO AIRLINES *9465,2346.0,NetBanking,Travel
2026-04-27,BOOKMYSHOW *6330,802.0,UPI,Entertainment
2026-05-23,INDIGO AIRLINES *9504,4673.0,UPI,Travel
2026-02-22,spotify *3956   ,749.0,Card,Entertainment
2026-04-10,starbucks *2517   ,718.0,NetBanking,Food
2026-04-04,dmart *2879   ,4308.0,NetBanking,Shopping
2026-03-03,FLIPKART *1619,1082.0,UPI,Shopping
2026-03-18,OLA CABS *6009,1597.0,Card,Travel
2026-04-22,FLIPKART *7574,4133.0,Card,Shopping
2026-02-13,SPOTIFY *8171,765.0,Card,Entertainment
2026-02-07,SPOTIFY *4083,179.0,Card,Entertainment
2026-06-30,pvr cinemas *3563   ,319.0,Card,Entertainment
2025-11-15,gas bill *5651   ,427.0,UPI,Bills
2026-05-24,TORRENT POWER *5652,2846.0,Card,Bills
2026-07-18,UBER TRIP *9399,5673.0,Card,Travel
2026-03-13,NETFLIX *9286,880.0,UPI,Entertainment
2026-07-13,LIC PREMIUM *1779,1588.0,Card,Bills
2026-02-16,RELIANCE TRENDS *4345,2686.0,Card,Shopping
2026-07-09,PVR CINEMAS *7305,449.0,Card,Entertainment
2026-04-13,RELIANCE TRENDS *1011,394.0,Card,Shopping
2026-03-07,SWIGGY ORDER *1436,592.0,NetBanking,Food
2026-06-03,LIC PREMIUM *7538,1660.0,UPI,Bills
2025-10-26,IRCTC TICKET *1298,963.0,UPI,Travel
2026-03-21,SWIGGY ORDER *1719,134.0,Card,Food
2026-08-19,STARBUCKS *8669,452.0,Card,Food
2026-09-05,METRO RECHARGE *9252,5615.0,NetBanking,Travel
2026-09-03,PVR CINEMAS *8162,502.0,NetBanking,Entertainment
2026-02-25,CHAI POINT *3010,458.0,Card,Food
2025-11-26,OLA CABS *1722,819.0,Card,Travel
2026-03-10,GAS BILL *9905,1085.0,Card,Bills
2026-02-15,AIRTEL BROADBAND *2100,2706.0,UPI,Bills
2025-11-10,HOTSTAR *3365,600.0,UPI,Entertainment
2026-05-20,PVR CINEMAS *8843,171.0,UPI,Entertainment
2026-06-04,ZOMATO *9313,332.0,Card,Food
2025-10-14,JIO RECHARGE *4489,2784.0,NetBanking,Bills
2026-03-14,UBER TRIP *6546,3482.0,NetBanking,Travel
2026-09-01,ZOMATO *8416,557.0,UPI,Food
2025-11-12,DOMINOS PIZZA *1206,355.0,Card,Food
2026-04-24,FLIPKART *5369,4980.0,UPI,Shopping
2026-01-13,METRO RECHARGE *1201,2537.0,NetBanking,Travel
2026-04-30,SWIGGY ORDER *3779,617.0,NetBanking,Food
2025-12-08,LIC PREMIUM *3824,2455.0,Card,Bills
2026-05-05,CHAI POINT *8094,,NetBanking,Food
2025-11-03,INDIGO AIRLINES *9536,84.0,Card,Travel
2026-04-29,HOTSTAR *2689,391.0,NetBanking,Entertainment
2025-12-20,LIC PREMIUM *6233,1474.0,Card,Bills
2026-04-10,RELIANCE TRENDS *3523,2839.0,NetBanking,Shopping
2025-10-08,ZOMATO *7458,768.0,Card,Food
2026-09-18,BOOKMYSHOW *6801,394.0,UPI,Entertainment
2026-05-25,JIO RECHARGE *2065,2286.0,Card,Bills
2026-01-30,BOOKMYSHOW *3172,647.0,Card,Entertainment
2026-06-14,PVR CINEMAS *3580,631.0,Card,Entertainment
2026-02-05,myntra *2417   ,854.0,NetBanking,Shopping
2026-08-03,DOMINOS PIZZA *7065,191.0,NetBanking,Food
2026-07-31,gas bill *1723   ,2479.0,NetBanking,Bills
2026-08-12,IRCTC TICKET *2831,1512.0,UPI,Travel
2026-05-19,STARBUCKS *1452,453.0,Card,Food
2026-03-27,TORRENT POWER *5218,2539.0,NetBanking,Bills
2025-11-25,UBER TRIP *1365,5858.0,NetBanking,Travel
2026-01-06,DMART *3461,4320.0,UPI,Shopping
2026-05-14,FLIPKART *1565,2218.0,Card,Shopping
2026-07-22,AMAZON PAY *6488,4227.0,UPI,Shopping
2026-01-07,SWIGGY ORDER *3255,190.0,Card,Food
2026-06-15,INDIGO AIRLINES *9780,2052.0,NetBanking,Travel
2026-02-26,METRO RECHARGE *4850,5455.0,NetBanking,Travel
2025-11-18,HOTSTAR *2168,167.0,Card,Entertainment
2026-04-04,STARBUCKS *9160,410.0,Card,Food
2026-08-05,PVR CINEMAS *7800,,UPI,Entertainment
2025-10-19,GAS BILL *7553,967.0,NetBanking,Bills
2026-06-23,JIO RECHARGE *8069,1070.0,NetBanking,Bills
2025-10-09,SPOTIFY *4899,432.0,UPI,Entertainment
2026-03-10,LIC PREMIUM *1258,456.0,NetBanking,Bills
2025-12-09,NETFLIX *3672,210.0,NetBanking,Entertainment
2026-01-18,ZOMATO *9111,604.0,Card,Food
2025-11-24,DOMINOS PIZZA *2480,499.0,NetBanking,Food
2026-01-04,CHAI POINT *7019,793.0,UPI,Food
2026-01-23,DOMINOS PIZZA *2388,149.0,UPI,Food
2025-11-02,MYNTRA *4285,1785.0,UPI,Shopping
2026-07-23,CHAI POINT *8338,634.0,NetBanking,Food
2025-12-21,CHAI POINT *2774,471.0,UPI,Food
2026-04-15,GAS BILL *2494,1794.0,NetBanking,Bills
2025-12-17,RELIANCE TRENDS *8090,887.0,UPI,Shopping
2026-03-31,SPOTIFY *5402,620.0,Card,Entertainment
2025-12-16,HOTSTAR *1768,586.0,NetBanking,Entertainment
2026-01-01,MYNTRA *3800,341.0,NetBanking,Shopping
2025-12-11,AMAZON PAY *7985,1982.0,Card,Shopping
2025-11-16,LIC PREMIUM *3141,1923.0,Card,Bills
2026-03-15,ZOMATO *9785,488.0,NetBanking,Food
2026-09-06,HOTSTAR *7639,335.0,UPI,Entertainment
2026-06-25,UBER TRIP *3962,2322.0,UPI,Travel
2026-05-01,reliance trends *7766   ,1187.0,NetBanking,Shopping
2026-04-25,AMAZON PAY *6134,1684.0,NetBanking,Shopping
2026-01-13,OLA CABS *9791,553.0,Card,Travel
2026-08-03,CHAI POINT *2687,73.0,UPI,Food
2026-02-16,CHAI POINT *9548,660.0,Card,Food
2026-05-10,STARBUCKS *7419,439.0,NetBanking,Food
2025-11-18,SWIGGY ORDER *9904,472.0,Card,Food
2026-09-19,ZOMATO *4963,101.0,UPI,Food
2025-10-26,GAS BILL *5129,2461.0,Card,Bills
2025-10-29,DMART *1656,4012.0,NetBanking,Shopping
2025-11-22,BOOKMYSHOW *9671,541.0,Card,Entertainment
2026-01-19,MYNTRA *1760,3645.0,UPI,Shopping
2025-11-11,INDIGO AIRLINES *5928,2928.0,NetBanking,Travel
2026-03-30,METRO RECHARGE *7303,4023.0,Card,Travel
2026-07-23,NETFLIX *6153,306.0,UPI,Entertainment
2026-05-16,UBER TRIP *5242,4257.0,UPI,Travel
2026-08-02,METRO RECHARGE *3575,5085.0,NetBanking,Travel
2026-07-20,DMART *2124,2787.0,UPI,Shopping
2025-10-01,AMAZON PAY *1818,212.0,NetBanking,Shopping
2025-11-04,FLIPKART *5726,3797.0,NetBanking,Shopping
2026-04-28,BOOKMYSHOW *7713,210.0,UPI,Entertainment
2025-11-02,SPOTIFY *1049,587.0,NetBanking,Entertainment
2025-12-05,TORRENT POWER *6879,1427.0,NetBanking,Bills
2025-11-04,METRO RECHARGE *1270,778.0,UPI,Travel
2025-10-19,torrent power *1544   ,2389.0,Card,Bills
2025-11-14,reliance trends *4688   ,1924.0,Card,Shopping
2026-01-07,FLIPKART *4500,574.0,UPI,Shopping
2026-01-06,JIO RECHARGE *7748,2157.0,Card,Bills
2026-08-05,NETFLIX *9393,534.0,UPI,Entertainment
2026-07-02,AIRTEL BROADBAND *1148,1904.0,Card,Bills
2026-05-08,CHAI POINT *8235,308.0,Card,Food
2025-12-25,HOTSTAR *4683,659.0,UPI,Entertainment
2026-08-08,CHAI POINT *3203,426.0,NetBanking,Food
2026-07-25,ZOMATO *6047,95.0,Card,Food
2026-03-22,INDIGO AIRLINES *7316,1892.0,NetBanking,Travel
2026-05-25,FLIPKART *6052,1789.0,Card,Shopping
2026-09-03,OLA CABS *5370,5323.0,NetBanking,Travel
2026-06-06,GAS BILL *3933,2979.0,Card,Bills
2026-06-21,spotify *4354   ,125.0,Card,Entertainment
2026-09-15,RELIANCE TRENDS *7711,1283.0,Card,Shopping
2026-06-14,AMAZON PAY *5005,2461.0,UPI,Shopping
2026-07-25,INDIGO AIRLINES *1569,2596.0,Card,Travel
2025-10-11,PVR CINEMAS *7166,444.0,Card,Entertainment
2026-02-28,HOTSTAR *7944,841.0,Card,Entertainment
2026-04-16,OLA CABS *9007,267.0,UPI,Travel
2025-10-28,TORRENT POWER *5964,190.0,NetBanking,Bills
2026-07-24,hotstar *4581   ,813.0,Card,Entertainment
2026-03-19,SPOTIFY *7929,352.0,UPI,Entertainment
2026-01-15,swiggy order *5232   ,733.0,Card,Food
2026-07-31,CHAI POINT *8255,701.0,UPI,Food
2026-06-03,BOOKMYSHOW *1721,609.0,UPI,Entertainment
2026-05-17,SWIGGY ORDER *6509,648.0,UPI,Food
2026-05-01,GAS BILL *1685,2310.0,UPI,Bills
2025-12-03,IRCTC TICKET *4788,2808.0,UPI,Travel
2025-12-16,NETFLIX *8833,201.0,Card,Entertainment
2026-01-24,NETFLIX *2723,155.0,NetBanking,Entertainment
2025-10-27,INDIGO AIRLINES *1092,2704.0,UPI,Travel
2026-08-09,JIO RECHARGE *3696,1867.0,NetBanking,Bills
2026-03-03,FLIPKART *4593,614.0,UPI,Shopping
2026-08-12,UBER TRIP *9493,2017.0,Card,Travel
2025-12-22,OLA CABS *7523,911.0,NetBanking,Travel
2025-10-24,SWIGGY ORDER *9274,756.0,NetBanking,Food
2026-03-04,myntra *5188   ,871.0,Card,Shopping
2026-08-30,AIRTEL BROADBAND *1968,2708.0,UPI,Bills
2026-03-31,pvr cinemas *3438   ,689.0,NetBanking,Entertainment
2026-05-25,RELIANCE TRENDS *2312,1485.0,NetBanking,Shopping
2026-08-20,NETFLIX *7353,839.0,Card,Entertainment
2026-02-18,ZOMATO *9848,225.0,UPI,Food
2026-02-16,OLA CABS *1739,1585.0,UPI,Travel
2026-02-16,FLIPKART *5906,1675.0,UPI,Shopping
2025-12-25,TORRENT POWER *6021,2250.0,NetBanking,Bills
2025-11-18,amazon pay *7707   ,3373.0,Card,Shopping
2026-04-23,BOOKMYSHOW *7269,845.0,NetBanking,Entertainment
2026-06-29,NETFLIX *4273,130.0,NetBanking,Entertainment
2026-02-03,AIRTEL BROADBAND *2829,725.0,UPI,Bills
2025-11-16,hotstar *3371   ,783.0,Card,Entertainment
2026-03-08,dominos pizza *7902   ,127.0,UPI,Food
2026-08-04,GAS BILL *8166,844.0,Card,Bills
2026-05-16,INDIGO AIRLINES *8867,5984.0,NetBanking,Travel
2026-07-19,JIO RECHARGE *6938,246.0,NetBanking,Bills
2026-08-05,LIC PREMIUM *9646,1858.0,UPI,Bills
2026-09-11,SWIGGY ORDER *2695,778.0,UPI,Food
2026-06-12,PVR CINEMAS *8252,556.0,Card,Entertainment
2026-06-06,ola cabs *4659   ,5323.0,UPI,Travel
2026-04-18,UBER TRIP *3775,3527.0,NetBanking,Travel
2025-11-22,ZOMATO *8083,559.0,Card,Food
2026-07-22,irctc ticket *2518   ,2640.0,Card,Travel
2026-04-11,CHAI POINT *2678,675.0,Card,Food
2026-01-07,DOMINOS PIZZA *6448,215.0,Card,Food
2026-02-24,SPOTIFY *3763,690.0,NetBanking,Entertainment
2025-10-04,TORRENT POWER *1643,576.0,Card,Bills
2026-04-22,PVR CINEMAS *1160,638.0,UPI,Entertainment
2026-08-02,SPOTIFY *3514,358.0,Card,Entertainment
2026-06-05,OLA CABS *1155,1110.0,NetBanking,Travel
2025-12-08,flipkart *8999   ,2203.0,UPI,Shopping
2026-06-28,DOMINOS PIZZA *4171,603.0,Card,Food
2026-07-10,swiggy order *5368   ,67.0,Card,Food
2026-07-02,AIRTEL BROADBAND *8269,2882.0,NetBanking,Bills
2025-12-11,BOOKMYSHOW *2502,864.0,Card,Entertainment
2026-01-13,ZOMATO *3786,61.0,NetBanking,Food
2026-01-29,HOTSTAR *5268,102.0,Card,Entertainment
2026-05-25,uber trip *4343   ,5348.0,NetBanking,Travel
2025-12-11,PVR CINEMAS *9650,627.0,Card,Entertainment
2025-10-26,INDIGO AIRLINES *7553,797.0,NetBanking,Travel
2026-07-20,FLIPKART *8909,2223.0,NetBanking,Shopping
2025-12-07,CHAI POINT *1987,573.0,UPI,Food
2026-04-05,ZOMATO *3268,497.0,Card,Food
2026-05-30,LIC PREMIUM *5581,1663.0,Card,Bills
2025-12-16,STARBUCKS *4230,548.0,NetBanking,Food
2026-07-30,DMART *4841,4548.0,Card,Shopping
2026-04-02,DOMINOS PIZZA *5152,793.0,NetBanking,Food
2025-12-20,AIRTEL BROADBAND *1391,1848.0,NetBanking,Bills
2026-08-24,LIC PREMIUM *7413,2001.0,Card,Bills
2026-04-24,ZOMATO *4561,553.0,Card,Food
2025-11-15,bookmyshow *2563   ,124.0,Card,Entertainment
2026-09-07,DMART *8194,878.0,UPI,Shopping
2026-06-12,MYNTRA *9519,3510.0,UPI,Shopping
2026-08-25,IRCTC TICKET *9226,4582.0,UPI,Travel
2026-03-03,dominos pizza *5185   ,393.0,NetBanking,Food
2025-10-23,OLA CABS *3810,2556.0,UPI,Travel
2026-09-08,LIC PREMIUM *9627,326.0,NetBanking,Bills
2026-09-13,PVR CINEMAS *1797,116.0,NetBanking,Entertainment
2026-07-12,SWIGGY ORDER *2700,658.0,UPI,Food
2026-09-01,AMAZON PAY *9633,2750.0,Card,Shopping
2026-07-06,ola cabs *2388   ,5490.0,UPI,Travel
2026-05-24,UBER TRIP *7828,4293.0,Card,Travel
2026-03-22,MYNTRA *5748,1443.0,Card,Shopping
2026-02-20,STARBUCKS *8232,135.0,Card,Food
2026-05-14,jio recharge *7065   ,2661.0,UPI,Bills
2026-08-04,IRCTC TICKET *9864,2600.0,UPI,Travel
2026-02-12,AIRTEL BROADBAND *8395,2820.0,NetBanking,Bills
2026-04-14,STARBUCKS *4936,151.0,UPI,Food
2026-02-07,FLIPKART *5179,4566.0,Card,Shopping
2026-01-24,CHAI POINT *7589,540.0,Card,Food
2026-07-08,ZOMATO *5979,551.0,UPI,Food
2026-05-18,TORRENT POWER *3667,1390.0,NetBanking,Bills
2025-11-16,MYNTRA *5070,621.0,NetBanking,Shopping
2025-11-06,BOOKMYSHOW *8856,440.0,UPI,Entertainment
2026-01-31,LIC PREMIUM *1002,1867.0,Card,Bills
2026-09-04,HOTSTAR *5759,590.0,UPI,Entertainment
2026-07-06,METRO RECHARGE *2050,5229.0,Card,Travel
2026-02-05,FLIPKART *1564,3458.0,Card,Shopping
2026-05-13,SWIGGY ORDER *4935,206.0,NetBanking,Food
2025-10-17,BOOKMYSHOW *3120,112.0,UPI,Entertainment
2025-11-11,FLIPKART *3657,4722.0,NetBanking,Shopping
2026-08-05,STARBUCKS *4718,83.0,Card,Food
2026-08-28,spotify *5791   ,125.0,Card,Entertainment
2026-09-09,LIC PREMIUM *7320,434.0,NetBanking,Bills
2026-08-12,TORRENT POWER *3494,539.0,UPI,Bills
2026-03-07,PVR CINEMAS *7265,139.0,NetBanking,Entertainment
2025-12-23,GAS BILL *1978,880.0,UPI,Bills
2025-11-15,ZOMATO *3114,256.0,Card,Food
2026-03-13,METRO RECHARGE *5471,4788.0,UPI,Travel
2025-11-10,AMAZON PAY *5017,2459.0,UPI,Shopping
2026-09-01,UBER TRIP *7282,286.0,Card,Travel
2026-01-03,DOMINOS PIZZA *2541,273.0,Card,Food
2026-08-04,FLIPKART *7996,3748.0,Card,Shopping
2026-05-06,DMART *8783,3205.0,Card,Shopping
2026-02-08,STARBUCKS *9101,271.0,Card,Food
2026-09-04,METRO RECHARGE *6378,2703.0,NetBanking,Travel
2026-01-10,DOMINOS PIZZA *8010,681.0,Card,Food
2026-01-28,netflix *4198   ,353.0,NetBanking,Entertainment
2026-04-04,METRO RECHARGE *4614,1282.0,Card,Travel
2025-12-20,HOTSTAR *5637,683.0,Card,Entertainment
2026-05-14,BOOKMYSHOW *2868,713.0,Card,Entertainment
2026-06-04,lic premium *4687   ,746.0,Card,Bills
2025-10-31,METRO RECHARGE *7702,3757.0,NetBanking,Travel
2026-02-11,ZOMATO *5063,795.0,UPI,Food
2026-01-04,HOTSTAR *6710,615.0,Card,Entertainment
2026-03-05,METRO RECHARGE *4831,1281.0,Card,Travel
2025-10-29,TORRENT POWER *2384,457.0,NetBanking,Bills
2026-09-05,SWIGGY ORDER *5857,413.0,NetBanking,Food
2026-06-10,NETFLIX *3303,864.0,UPI,Entertainment
2026-02-27,STARBUCKS *2434,197.0,Card,Food
2026-02-22,OLA CABS *8705,3759.0,NetBanking,Travel
2026-07-14,MYNTRA *6085,4894.0,NetBanking,Shopping
2026-03-26,hotstar *7772   ,702.0,UPI,Entertainment
2026-05-03,MYNTRA *9159,2273.0,NetBanking,Shopping
2026-06-01,flipkart *1075   ,4526.0,Card,Shopping
2026-03-27,STARBUCKS *9106,287.0,UPI,Food
2026-01-23,SPOTIFY *8714,742.0,UPI,Entertainment
2026-08-24,OLA CABS *6611,1280.0,Card,Travel
2026-03-25,NETFLIX *1529,469.0,UPI,Entertainment
2025-11-11,MYNTRA *6567,2235.0,Card,Shopping
2026-02-06,CHAI POINT *6110,579.0,UPI,Food
2026-03-09,STARBUCKS *4258,545.0,NetBanking,Food
2026-04-04,SPOTIFY *2591,138.0,Card,Entertainment
2026-04-16,HOTSTAR *6790,178.0,NetBanking,Entertainment
2026-04-04,AMAZON PAY *1574,3461.0,UPI,Shopping
2026-04-20,JIO RECHARGE *3679,2256.0,Card,Bills
2026-08-04,DMART *4718,221.0,UPI,Shopping
2026-06-07,DMART *8727,495.0,Card,Shopping
2026-07-29,IRCTC TICKET *8357,2540.0,Card,Travel
2025-11-18,ZOMATO *2827,441.0,Card,Food
2026-01-02,reliance trends *2647   ,3183.0,NetBanking,Shopping
2025-12-12,NETFLIX *4320,609.0,NetBanking,Entertainment
2026-03-13,DOMINOS PIZZA *3105,328.0,Card,Food
2026-02-28,SWIGGY ORDER *7726,574.0,Card,Food
2026-05-18,TORRENT POWER *1270,,NetBanking,Bills
2026-05-13,STARBUCKS *1663,433.0,UPI,Food
2026-09-08,starbucks *2849   ,365.0,Card,Food
2026-09-21,UBER TRIP *7047,3879.0,NetBanking,Travel
2026-07-30,SWIGGY ORDER *5107,377.0,NetBanking,Food
2025-10-03,TORRENT POWER *7469,,UPI,Bills
2026-01-19,dmart *4365   ,788.0,UPI,Shopping
2026-09-11,GAS BILL *2986,1684.0,NetBanking,Bills
2025-10-08,MYNTRA *5086,2369.0,NetBanking,Shopping
2026-05-10,LIC PREMIUM *4329,862.0,NetBanking,Bills
2025-10-20,STARBUCKS *6774,435.0,UPI,Food
2025-12-09,ZOMATO *7639,556.0,UPI,Food
2025-11-13,INDIGO AIRLINES *2816,292.0,NetBanking,Travel
2026-06-30,ZOMATO *4579,128.0,Card,Food
2025-10-08,SWIGGY ORDER *2151,432.0,Card,Food
2026-05-30,TORRENT POWER *1482,1399.0,UPI,Bills
2025-10-16,BOOKMYSHOW *7754,630.0,Card,Entertainment
2026-08-12,MYNTRA *3649,2246.0,NetBanking,Shopping
2026-07-19,RELIANCE TRENDS *9947,2069.0,UPI,Shopping
2025-10-26,JIO RECHARGE *5616,1956.0,Card,Bills
2025-11-04,RELIANCE TRENDS *8206,861.0,UPI,Shopping
2026-06-02,AMAZON PAY *8454,984.0,NetBanking,Shopping
2025-10-01,TORRENT POWER *7201,2920.0,Card,Bills
2025-12-22,OLA CABS *8245,2088.0,NetBanking,Travel
2025-11-16,DMART *2256,3576.0,Card,Shopping
2026-04-26,JIO RECHARGE *2773,,UPI,Bills
2026-08-24,STARBUCKS *7839,327.0,UPI,Food
2026-05-09,GAS BILL *1419,273.0,Card,Bills
2026-09-08,SPOTIFY *1946,652.0,Card,Entertainment
2026-01-02,STARBUCKS *7859,709.0,NetBanking,Food
2026-08-21,MYNTRA *8661,1924.0,NetBanking,Shopping
2026-04-26,CHAI POINT *7513,551.0,NetBanking,Food
2026-02-02,FLIPKART *7602,3551.0,Card,Shopping
2026-03-22,DMART *2927,4004.0,NetBanking,Shopping
2025-12-09,BOOKMYSHOW *5869,636.0,NetBanking,Entertainment
2026-01-22,MYNTRA *5157,519.0,Card,Shopping
2026-09-23,IRCTC TICKET *5350,247.0,Card,Travel
2025-12-29,IRCTC TICKET *5938,3011.0,Card,Travel
2026-01-14,LIC PREMIUM *7854,1559.0,Card,Bills
2025-11-11,HOTSTAR *6305,496.0,NetBanking,Entertainment
2026-05-23,AIRTEL BROADBAND *1233,1541.0,NetBanking,Bills
2026-09-11,GAS BILL *3284,1367.0,NetBanking,Bills
2025-12-25,MYNTRA *6915,2825.0,Card,Shopping
2026-05-16,AMAZON PAY *2401,3459.0,Card,Shopping
2025-10-01,airtel broadband *1575   ,2153.0,UPI,Bills
2026-09-24,NETFLIX *8368,856.0,Card,Entertainment
2025-12-13,FLIPKART *1572,2458.0,NetBanking,Shopping
2025-11-22,AIRTEL BROADBAND *2167,2766.0,NetBanking,Bills
2026-02-28,FLIPKART *4909,2199.0,Card,Shopping
2026-09-08,myntra *3729   ,3650.0,Card,Shopping
2025-10-07,INDIGO AIRLINES *4267,1631.0,UPI,Travel
2026-04-28,STARBUCKS *4727,451.0,UPI,Food
2026-06-30,CHAI POINT *4129,387.0,Card,Food
2025-12-27,SWIGGY ORDER *7189,451.0,NetBanking,Food
2026-05-06,SPOTIFY *8032,159.0,NetBanking,Entertainment
2026-09-06,AIRTEL BROADBAND *8294,1582.0,NetBanking,Bills
2026-03-21,OLA CABS *8989,5185.0,UPI,Travel
2025-12-01,UBER TRIP *2465,4149.0,UPI,Travel
2026-02-14,AMAZON PAY *8073,3918.0,NetBanking,Shopping
2025-12-24,NETFLIX *5362,167.0,NetBanking,Entertainment
2025-12-31,OLA CABS *5234,520.0,UPI,Travel
2026-08-03,PVR CINEMAS *8999,150.0,UPI,Entertainment
2026-04-09,FLIPKART *5419,483.0,UPI,Shopping
2026-01-07,STARBUCKS *1126,542.0,Card,Food
2025-12-27,GAS BILL *1036,1937.0,Card,Bills
2026-07-01,METRO RECHARGE *1495,3835.0,UPI,Travel
2026-05-28,AIRTEL BROADBAND *7578,929.0,NetBanking,Bills
2026-05-01,UBER TRIP *7972,176.0,Card,Travel
2026-01-06,DOMINOS PIZZA *2932,740.0,NetBanking,Food
2026-03-19,JIO RECHARGE *2340,2371.0,Card,Bills
2026-07-06,STARBUCKS *7447,439.0,Card,Food
2026-06-26,DOMINOS PIZZA *7042,513.0,NetBanking,Food
2026-03-06,NETFLIX *6345,510.0,UPI,Entertainment
2026-03-08,PVR CINEMAS *4955,333.0,Card,Entertainment
2026-09-06,SPOTIFY *3311,156.0,Card,Entertainment
2026-07-21,INDIGO AIRLINES *1363,2206.0,Card,Travel
2025-12-28,zomato *6387   ,714.0,NetBanking,Food
2026-04-12,BOOKMYSHOW *1421,848.0,UPI,Entertainment
2026-04-05,JIO RECHARGE *2333,247.0,NetBanking,Bills
2026-03-17,reliance trends *9065   ,4080.0,UPI,Shopping
2026-08-16,JIO RECHARGE *6276,817.0,NetBanking,Bills
2026-07-13,AMAZON PAY *9787,928.0,Card,Shopping
2026-05-08,SPOTIFY *5840,704.0,NetBanking,Entertainment
2026-01-23,ZOMATO *3573,580.0,Card,Food
2025-11-02,DMART *5000,2938.0,NetBanking,Shopping
2026-08-09,INDIGO AIRLINES *1755,2035.0,Card,Travel
2026-06-28,LIC PREMIUM *6191,1788.0,Card,Bills
2026-05-09,AMAZON PAY *4493,2801.0,UPI,Shopping
2026-02-17,FLIPKART *9402,2694.0,Card,Shopping
2026-04-02,PVR CINEMAS *3643,348.0,NetBanking,Entertainment
2026-01-09,DMART *4124,3251.0,UPI,Shopping
2025-12-31,BOOKMYSHOW *7024,149.0,UPI,Entertainment
2026-03-01,TORRENT POWER *6868,2797.0,NetBanking,Bills
2026-02-03,DMART *7568,2801.0,Card,Shopping
2026-03-22,CHAI POINT *7284,177.0,UPI,Food
2026-05-19,METRO RECHARGE *7142,4630.0,Card,Travel
2025-12-23,DMART *9269,3813.0,UPI,Shopping
2026-05-02,METRO RECHARGE *5778,3946.0,Card,Travel
2025-11-28,JIO RECHARGE *2704,2978.0,NetBanking,Bills
2025-10-24,METRO RECHARGE *9595,4651.0,Card,Travel
2026-05-04,AIRTEL BROADBAND *3454,548.0,NetBanking,Bills
2025-11-15,CHAI POINT *1882,206.0,Card,Food
2026-09-05,CHAI POINT *2763,580.0,Card,Food
2026-05-16,SWIGGY ORDER *6366,759.0,Card,Food
2025-11-25,IRCTC TICKET *4324,145.0,Card,Travel
2026-08-24,CHAI POINT *5440,60.0,NetBanking,Food
2026-04-07,METRO RECHARGE *4916,4058.0,Card,Travel
2026-07-05,JIO RECHARGE *5647,1786.0,NetBanking,Bills
2026-02-02,NETFLIX *5019,230.0,Card,Entertainment
2026-08-21,AIRTEL BROADBAND *4557,301.0,NetBanking,Bills
2026-04-19,dmart *4516   ,1258.0,UPI,Shopping
2026-03-20,STARBUCKS *6330,619.0,Card,Food
2025-11-18,hotstar *6408   ,888.0,Card,Entertainment
2026-02-11,DOMINOS PIZZA *4888,621.0,UPI,Food
2026-05-08,LIC PREMIUM *1519,1517.0,NetBanking,Bills
2026-08-23,CHAI POINT *1986,106.0,UPI,Food
2025-12-26,JIO RECHARGE *5940,236.0,NetBanking,Bills
2026-06-25,AMAZON PAY *5611,3185.0,UPI,Shopping
2026-04-22,STARBUCKS *7922,573.0,Card,Food
2026-06-27,TORRENT POWER *2630,459.0,NetBanking,Bills
2025-10-12,GAS BILL *1818,2318.0,UPI,Bills
2025-12-16,MYNTRA *1244,2825.0,Card,Shopping
2026-04-02,METRO RECHARGE *9118,5527.0,NetBanking,Travel
2026-07-31,UBER TRIP *3220,273.0,UPI,Travel
2025-11-28,SWIGGY ORDER *2832,217.0,UPI,Food
2025-11-27,AMAZON PAY *6212,391.0,NetBanking,Shopping
2025-11-04,DOMINOS PIZZA *5689,448.0,Card,Food
2025-12-11,JIO RECHARGE *7890,985.0,NetBanking,Bills
2025-11-24,airtel broadband *5326   ,1023.0,Card,Bills
2026-02-17,CHAI POINT *3330,371.0,Card,Food
2025-11-28,NETFLIX *9946,133.0,UPI,Entertainment
2026-08-10,METRO RECHARGE *3169,5411.0,NetBanking,Travel
2026-07-02,LIC PREMIUM *5102,1054.0,NetBanking,Bills
2026-06-27,INDIGO AIRLINES *8629,3838.0,UPI,Travel
2026-08-28,GAS BILL *4109,,NetBanking,Bills
2026-08-29,BOOKMYSHOW *2137,487.0,NetBanking,Entertainment
2026-07-12,NETFLIX *9751,615.0,Card,Entertainment
2026-07-16,NETFLIX *3043,200.0,UPI,Entertainment
2026-04-16,MYNTRA *4199,2779.0,NetBanking,Shopping
2026-05-12,DMART *9411,4474.0,NetBanking,Shopping
2026-01-09,PVR CINEMAS *7475,849.0,UPI,Entertainment
2026-09-13,IRCTC TICKET *8382,2516.0,NetBanking,Travel
2026-06-12,GAS BILL *9148,1901.0,Card,Bills
2026-05-08,INDIGO AIRLINES *9195,685.0,Card,Travel
2025-11-20,DMART *9964,2237.0,Card,Shopping
2026-01-06,MYNTRA *5022,3999.0,UPI,Shopping
2026-05-24,BOOKMYSHOW *8067,676.0,Card,Entertainment
2026-06-10,dominos pizza *8374   ,600.0,UPI,Food
2025-11-01,JIO RECHARGE *4044,1570.0,UPI,Bills
2025-10-17,RELIANCE TRENDS *5500,1372.0,UPI,Shopping
2026-07-07,IRCTC TICKET *8391,3212.0,UPI,Travel
2026-05-06,AIRTEL BROADBAND *2245,2870.0,Card,Bills
2026-07-19,AMAZON PAY *1024,1772.0,UPI,Shopping
2026-03-12,DOMINOS PIZZA *2834,600.0,UPI,Food
2026-05-20,UBER TRIP *1246,2469.0,NetBanking,Travel
2025-11-18,AMAZON PAY *1100,4471.0,Card,Shopping
2026-01-10,TORRENT POWER *2667,1787.0,NetBanking,Bills
2025-10-31,IRCTC TICKET *4872,1525.0,NetBanking,Travel
2026-06-05,RELIANCE TRENDS *7547,2961.0,UPI,Shopping
2026-07-12,DMART *5933,1387.0,Card,Shopping
2025-11-29,FLIPKART *7610,2153.0,Card,Shopping
2025-10-19,INDIGO AIRLINES *6585,5532.0,Card,Travel
2025-11-04,BOOKMYSHOW *3460,644.0,UPI,Entertainment
2026-07-08,JIO RECHARGE *1423,419.0,Card,Bills
2025-12-09,BOOKMYSHOW *8016,146.0,NetBanking,Entertainment
2026-06-21,DOMINOS PIZZA *9835,675.0,NetBanking,Food
2026-06-16,JIO RECHARGE *3611,1745.0,Card,Bills
2026-02-21,FLIPKART *4893,1296.0,UPI,Shopping
2026-08-10,flipkart *2098   ,2526.0,Card,Shopping
2026-06-18,DOMINOS PIZZA *4561,290.0,Card,Food
2026-09-01,TORRENT POWER *9167,953.0,UPI,Bills
2025-10-04,hotstar *3839   ,434.0,NetBanking,Entertainment
2026-08-15,DOMINOS PIZZA *5143,632.0,UPI,Food
2025-12-27,MYNTRA *9322,1885.0,UPI,Shopping
2025-12-02,SWIGGY ORDER *6430,466.0,Card,Food
2026-05-08,AIRTEL BROADBAND *9461,781.0,Card,Bills
2026-04-09,starbucks *7010   ,,NetBanking,Food
2025-10-08,INDIGO AIRLINES *9320,1054.0,UPI,Travel
2026-05-25,BOOKMYSHOW *4253,809.0,Card,Entertainment
2025-10-01,INDIGO AIRLINES *8345,4592.0,UPI,Travel
2025-12-13,CHAI POINT *7327,82.0,Card,Food
2026-07-21,SWIGGY ORDER *2819,336.0,Card,Food
2026-06-16,DMART *1613,3531.0,NetBanking,Shopping
2026-02-10,HOTSTAR *3032,,UPI,Entertainment
2025-11-22,INDIGO AIRLINES *7846,2347.0,UPI,Travel
2026-03-15,IRCTC TICKET *7772,338.0,UPI,Travel
2026-01-05,DMART *2638,2348.0,NetBanking,Shopping
2026-03-29,INDIGO AIRLINES *6365,5893.0,UPI,Travel
2026-04-02,AMAZON PAY *1329,859.0,UPI,Shopping
2026-02-03,JIO RECHARGE *4553,494.0,Card,Bills
2026-06-15,AMAZON PAY *4832,4475.0,Card,Shopping
2026-07-04,FLIPKART *8394,751.0,NetBanking,Shopping
2026-01-12,CHAI POINT *6343,550.0,UPI,Food
2026-02-11,METRO RECHARGE *2414,5708.0,UPI,Travel
2026-02-23,AMAZON PAY *2717,4552.0,UPI,Shopping
2026-07-03,MYNTRA *4183,3997.0,NetBanking,Shopping
2025-11-29,STARBUCKS *4196,396.0,UPI,Food
2026-08-16,METRO RECHARGE *5357,4919.0,Card,Travel
2026-03-05,MYNTRA *4243,3334.0,NetBanking,Shopping
2026-07-09,HOTSTAR *6126,412.0,UPI,Entertainment
2025-10-21,BOOKMYSHOW *9167,705.0,Card,Entertainment
2026-04-13,GAS BILL *7997,1287.0,UPI,Bills
2026-01-09,PVR CINEMAS *7543,880.0,Card,Entertainment
2026-07-27,OLA CABS *2353,807.0,NetBanking,Travel
2026-03-05,CHAI POINT *8496,671.0,NetBanking,Food
2026-04-11,SPOTIFY *8632,878.0,UPI,Entertainment
2026-04-03,PVR CINEMAS *1731,898.0,Card,Entertainment
2026-07-21,IRCTC TICKET *9577,3321.0,NetBanking,Travel
2026-06-20,INDIGO AIRLINES *8991,5836.0,UPI,Travel
2026-08-04,FLIPKART *3892,854.0,Card,Shopping
2026-01-08,DMART *4083,2057.0,Card,Shopping
2026-08-30,SWIGGY ORDER *9307,107.0,Card,Food
2026-06-24,AIRTEL BROADBAND *5412,2009.0,UPI,Bills
2026-09-06,hotstar *9615   ,505.0,Card,Entertainment
2026-07-20,IRCTC TICKET *6699,4185.0,NetBanking,Travel
2026-05-08,CHAI POINT *3205,536.0,Card,Food
2026-05-05,JIO RECHARGE *2849,2792.0,UPI,Bills
2025-10-28,DOMINOS PIZZA *3938,751.0,UPI,Food
2026-04-11,ZOMATO *9213,533.0,NetBanking,Food
2025-11-23,JIO RECHARGE *9427,538.0,Card,Bills
2026-06-28,NETFLIX *7331,415.0,Card,Entertainment
2026-08-01,INDIGO AIRLINES *9779,1374.0,UPI,Travel
2026-03-21,PVR CINEMAS *4549,200.0,Card,Entertainment
2025-11-08,reliance trends *4342   ,1086.0,UPI,Shopping
2025-10-19,PVR CINEMAS *5670,589.0,NetBanking,Entertainment
2026-04-26,DMART *1899,3661.0,Card,Shopping
2026-09-03,NETFLIX *4258,868.0,UPI,Entertainment
2026-08-06,SPOTIFY *9003,305.0,UPI,Entertainment
2026-04-23,NETFLIX *4838,109.0,UPI,Entertainment
2026-07-22,HOTSTAR *3687,380.0,UPI,Entertainment
2026-07-10,CHAI POINT *5298,384.0,UPI,Food
2026-02-24,OLA CABS *3489,1671.0,UPI,Travel
2025-12-22,RELIANCE TRENDS *3224,397.0,NetBanking,Shopping
2026-01-06,MYNTRA *7065,1294.0,Card,Shopping
2026-03-15,METRO RECHARGE *6247,5396.0,Card,Travel
2026-09-04,DMART *5782,1789.0,Card,Shopping
2026-05-05,FLIPKART *8473,,UPI,Shopping
2026-07-28,OLA CABS *5270,1894.0,NetBanking,Travel
2025-11-12,DOMINOS PIZZA *2907,,Card,Food
2026-07-26,TORRENT POWER *4238,1886.0,Card,Bills
2026-04-29,MYNTRA *2099,3592.0,UPI,Shopping
2026-01-31,RELIANCE TRENDS *4391,1816.0,NetBanking,Shopping
2026-08-23,NETFLIX *3062,712.0,Card,Entertainment
2026-01-18,UBER TRIP *1277,4154.0,Card,Travel
2026-03-18,JIO RECHARGE *7638,705.0,Card,Bills
2026-06-23,RELIANCE TRENDS *5658,3389.0,UPI,Shopping
2026-04-14,starbucks *1689   ,578.0,Card,Food
2026-05-16,BOOKMYSHOW *8432,536.0,NetBanking,Entertainment
2026-04-29,SPOTIFY *8192,626.0,Card,Entertainment
2026-07-08,gas bill *4110   ,2316.0,NetBanking,Bills
2025-12-14,metro recharge *7981   ,2215.0,UPI,Travel
2026-07-13,ZOMATO *2790,513.0,Card,Food
2026-01-12,uber trip *9096   ,4381.0,NetBanking,Travel
2026-04-08,SWIGGY ORDER *2159,614.0,UPI,Food
2026-02-15,CHAI POINT *2789,269.0,NetBanking,Food
2026-04-24,UBER TRIP *9990,4610.0,UPI,Travel
2026-06-14,AIRTEL BROADBAND *4367,1195.0,UPI,Bills
2026-04-01,JIO RECHARGE *2169,980.0,UPI,Bills
2026-09-21,METRO RECHARGE *8957,5745.0,NetBanking,Travel
2026-06-30,LIC PREMIUM *5939,1617.0,Card,Bills
2026-03-31,CHAI POINT *5979,595.0,UPI,Food
2026-02-23,INDIGO AIRLINES *5388,471.0,UPI,Travel
2026-07-05,BOOKMYSHOW *5792,785.0,Card,Entertainment
2026-06-28,jio recharge *1919   ,1873.0,UPI,Bills
2026-05-26,airtel broadband *4206   ,429.0,NetBanking,Bills
2026-06-14,DOMINOS PIZZA *6732,464.0,Card,Food
2025-12-07,UBER TRIP *7637,3928.0,Card,Travel
2026-01-07,AMAZON PAY *4483,3144.0,UPI,Shopping
2025-11-22,CHAI POINT *1973,434.0,Card,Food
2026-02-19,ZOMATO *2828,198.0,NetBanking,Food
2026-01-07,DMART *5677,2418.0,Card,Shopping
2026-04-25,JIO RECHARGE *7609,248.0,Card,Bills
2025-11-23,ZOMATO *2308,446.0,Card,Food
2026-01-21,ZOMATO *2814,773.0,NetBanking,Food
2026-08-05,BOOKMYSHOW *4810,284.0,UPI,Entertainment
2026-05-01,LIC PREMIUM *1347,315.0,UPI,Bills
2026-09-23,IRCTC TICKET *1837,4624.0,Card,Travel
2026-03-20,gas bill *3581   ,1540.0,NetBanking,Bills
2026-01-03,OLA CABS *8392,4082.0,UPI,Travel
2026-07-20,spotify *7436   ,583.0,NetBanking,Entertainment
2025-10-21,OLA CABS *6353,2878.0,NetBanking,Travel
2026-06-08,gas bill *6346   ,1097.0,UPI,Bills
2026-02-04,IRCTC TICKET *5904,5009.0,Card,Travel
2026-02-23,PVR CINEMAS *6396,492.0,NetBanking,Entertainment
2026-01-13,JIO RECHARGE *3047,2347.0,Card,Bills
2026-03-24,SPOTIFY *7991,213.0,Card,Entertainment
2025-10-29,SPOTIFY *2059,623.0,NetBanking,Entertainment
2026-03-27,UBER TRIP *3889,1417.0,Card,Travel
2026-06-30,indigo airlines *6983   ,183.0,Card,Travel
2026-02-13,AIRTEL BROADBAND *8311,255.0,Card,Bills
2025-10-19,RELIANCE TRENDS *2249,3366.0,UPI,Shopping
2026-05-11,BOOKMYSHOW *6085,470.0,NetBanking,Entertainment
2025-10-08,GAS BILL *7819,239.0,Card,Bills
2026-05-11,TORRENT POWER *2189,852.0,NetBanking,Bills
2026-08-28,RELIANCE TRENDS *9879,4952.0,NetBanking,Shopping
2026-05-02,DOMINOS PIZZA *8701,252.0,Card,Food
2026-07-10,TORRENT POWER *6818,2372.0,Card,Bills
2026-05-17,AMAZON PAY *9194,3692.0,Card,Shopping
2026-01-21,IRCTC TICKET *2636,3736.0,UPI,Travel
2026-04-09,LIC PREMIUM *7873,1729.0,Card,Bills
2026-04-23,UBER TRIP *1581,5715.0,UPI,Travel
2025-11-15,LIC PREMIUM *3887,2433.0,NetBanking,Bills
2026-01-30,DOMINOS PIZZA *2673,174.0,Card,Food
2026-09-12,LIC PREMIUM *5267,2042.0,NetBanking,Bills
2026-08-01,HOTSTAR *8795,751.0,Card,Entertainment
2026-08-21,OLA CABS *2988,3585.0,UPI,Travel
2026-04-05,FLIPKART *2881,4786.0,NetBanking,Shopping
2026-01-14,OLA CABS *2702,2041.0,UPI,Travel
2026-08-13,INDIGO AIRLINES *7524,4280.0,NetBanking,Travel
2025-12-20,irctc ticket *3180   ,4932.0,Card,Travel
2025-11-15,METRO RECHARGE *2136,5392.0,UPI,Travel
2025-11-25,SWIGGY ORDER *7411,128.0,Card,Food
2026-01-01,UBER TRIP *2407,1256.0,UPI,Travel
2026-02-02,GAS BILL *4153,1856.0,NetBanking,Bills
2026-02-07,FLIPKART *5734,2260.0,NetBanking,Shopping
2025-10-11,PVR CINEMAS *5841,484.0,NetBanking,Entertainment
2026-05-25,ZOMATO *3780,639.0,UPI,Food
2026-07-12,CHAI POINT *4537,600.0,UPI,Food
2026-06-29,starbucks *5648   ,669.0,NetBanking,Food
2026-06-25,HOTSTAR *2548,218.0,Card,Entertainment
2026-06-26,AMAZON PAY *9494,4382.0,Card,Shopping
2025-11-20,BOOKMYSHOW *9444,344.0,NetBanking,Entertainment
2026-06-26,SPOTIFY *3462,343.0,NetBanking,Entertainment
2026-08-18,RELIANCE TRENDS *1437,2402.0,Card,Shopping
2026-04-30,HOTSTAR *6634,482.0,NetBanking,Entertainment
2026-02-09,metro recharge *9275   ,1462.0,Card,Travel
2026-01-24,BOOKMYSHOW *8746,810.0,NetBanking,Entertainment
2026-03-25,IRCTC TICKET *5482,1534.0,UPI,Travel
2025-10-30,RELIANCE TRENDS *6926,1504.0,UPI,Shopping
2026-04-06,CHAI POINT *9571,552.0,UPI,Food
2026-07-02,JIO RECHARGE *3990,547.0,Card,Bills
2025-12-25,SPOTIFY *7227,562.0,Card,Entertainment
2025-11-01,JIO RECHARGE *1666,433.0,UPI,Bills
2026-07-30,DMART *6925,4828.0,NetBanking,Shopping
2026-09-04,AIRTEL BROADBAND *5997,1142.0,UPI,Bills
2025-11-28,JIO RECHARGE *1835,2396.0,NetBanking,Bills
2026-06-07,SPOTIFY *1340,481.0,UPI,Entertainment
2025-12-15,FLIPKART *5534,4003.0,NetBanking,Shopping
2025-12-29,PVR CINEMAS *5240,373.0,UPI,Entertainment
2025-12-07,HOTSTAR *6102,510.0,NetBanking,Entertainment
2025-11-08,SPOTIFY *2970,296.0,Card,Entertainment
2026-01-09,TORRENT POWER *1572,1482.0,Card,Bills
2026-03-22,CHAI POINT *8230,132.0,NetBanking,Food
2025-12-07,IRCTC TICKET *2322,5996.0,NetBanking,Travel
2025-11-20,BOOKMYSHOW *8570,887.0,UPI,Entertainment
2025-10-29,FLIPKART *5601,1557.0,UPI,Shopping
2026-09-17,ZOMATO *1888,377.0,UPI,Food
2026-06-04,SWIGGY ORDER *9051,232.0,Card,Food
2026-04-06,SPOTIFY *7841,814.0,UPI,Entertainment
2026-05-01,AIRTEL BROADBAND *9627,1001.0,NetBanking,Bills
2026-08-27,TORRENT POWER *8869,2071.0,NetBanking,Bills
2026-06-11,JIO RECHARGE *5452,2220.0,Card,Bills
2026-06-16,CHAI POINT *4155,513.0,NetBanking,Food
2026-09-03,HOTSTAR *1878,151.0,Card,Entertainment
2025-10-16,FLIPKART *2447,2245.0,NetBanking,Shopping
2025-11-18,IRCTC TICKET *2682,4451.0,NetBanking,Travel
2026-07-14,AMAZON PAY *1645,4463.0,Card,Shopping
2025-10-14,INDIGO AIRLINES *7477,41.0,NetBanking,Travel
2026-09-14,AMAZON PAY *8618,4147.0,UPI,Shopping
2025-10-29,ZOMATO *7182,671.0,UPI,Food
2025-11-18,UBER TRIP *1292,1691.0,NetBanking,Travel
2026-08-09,SPOTIFY *1182,121.0,Card,Entertainment
2026-01-31,IRCTC TICKET *6307,781.0,Card,Travel
2026-01-13,RELIANCE TRENDS *5673,3714.0,NetBanking,Shopping
2026-04-24,OLA CABS *4569,5494.0,NetBanking,Travel
2025-12-13,DMART *8052,3854.0,NetBanking,Shopping
2026-03-01,LIC PREMIUM *7766,1356.0,NetBanking,Bills
2026-04-06,TORRENT POWER *1906,162.0,NetBanking,Bills
2026-04-10,SWIGGY ORDER *1761,173.0,Card,Food
2026-08-07,IRCTC TICKET *3939,5805.0,UPI,Travel
2026-09-24,IRCTC TICKET *5763,2082.0,UPI,Travel
2025-12-14,CHAI POINT *2648,479.0,Card,Food
2026-06-08,SWIGGY ORDER *7016,176.0,UPI,Food
2026-07-27,LIC PREMIUM *6929,2846.0,Card,Bills
2025-12-06,DMART *1671,977.0,NetBanking,Shopping
2026-06-22,dmart *3942   ,419.0,Card,Shopping
2026-03-08,OLA CABS *4390,4541.0,UPI,Travel
2026-06-05,FLIPKART *9621,2555.0,Card,Shopping
2026-09-14,SPOTIFY *5803,428.0,UPI,Entertainment
2026-03-08,AIRTEL BROADBAND *6308,2612.0,NetBanking,Bills
2026-09-21,JIO RECHARGE *1234,2424.0,UPI,Bills
2026-07-10,SWIGGY ORDER *7776,687.0,UPI,Food
2025-12-12,INDIGO AIRLINES *3093,4753.0,Card,Travel
2026-08-10,BOOKMYSHOW *4670,100.0,Card,Entertainment
2026-06-14,INDIGO AIRLINES *2276,5851.0,NetBanking,Travel
2026-04-08,METRO RECHARGE *3681,3669.0,Card,Travel
2026-01-12,AIRTEL BROADBAND *5521,1274.0,UPI,Bills
2026-02-04,OLA CABS *1154,2577.0,Card,Travel
2026-03-07,HOTSTAR *5364,260.0,Card,Entertainment
2026-08-02,JIO RECHARGE *8972,1383.0,Card,Bills
2026-03-03,UBER TRIP *8617,1564.0,UPI,Travel
2026-02-12,SWIGGY ORDER *6816,410.0,Card,Food
2026-06-30,JIO RECHARGE *5212,2565.0,Card,Bills
2026-02-16,INDIGO AIRLINES *5531,4534.0,NetBanking,Travel
2026-09-22,indigo airlines *5647   ,1850.0,NetBanking,Travel
2026-07-02,JIO RECHARGE *3708,1451.0,UPI,Bills
2026-04-17,BOOKMYSHOW *4695,737.0,UPI,Entertainment
2025-10-25,LIC PREMIUM *2919,1785.0,Card,Bills
2026-07-13,LIC PREMIUM *8971,2747.0,NetBanking,Bills
2026-07-18,bookmyshow *9766   ,342.0,UPI,Entertainment
2025-10-05,MYNTRA *9714,2117.0,NetBanking,Shopping
2026-02-06,reliance trends *7111   ,4451.0,UPI,Shopping
2026-01-11,BOOKMYSHOW *1987,348.0,UPI,Entertainment
2025-12-26,RELIANCE TRENDS *3248,1048.0,UPI,Shopping
2026-06-19,INDIGO AIRLINES *2394,4321.0,Card,Travel
2026-01-11,SPOTIFY *8734,867.0,UPI,Entertainment
2025-11-04,JIO RECHARGE *7326,2467.0,UPI,Bills
2025-12-03,amazon pay *9540   ,4477.0,UPI,Shopping
2026-08-19,PVR CINEMAS *6536,266.0,Card,Entertainment
2025-12-12,INDIGO AIRLINES *1198,3241.0,Card,Travel
2026-02-27,torrent power *7256   ,2338.0,UPI,Bills
2025-12-21,STARBUCKS *7476,616.0,Card,Food
2026-01-11,FLIPKART *6392,1382.0,NetBanking,Shopping
2026-07-17,NETFLIX *6698,348.0,Card,Entertainment
2026-04-09,CHAI POINT *2191,580.0,UPI,Food
2026-06-29,RELIANCE TRENDS *5992,570.0,UPI,Shopping
2026-08-14,JIO RECHARGE *7585,713.0,Card,Bills
2026-02-21,INDIGO AIRLINES *8355,4585.0,Card,Travel
2025-12-25,ZOMATO *1390,394.0,UPI,Food
2025-12-12,HOTSTAR *4587,174.0,UPI,Entertainment
2026-08-14,OLA CABS *9186,4493.0,Card,Travel
2026-09-10,DOMINOS PIZZA *7588,484.0,UPI,Food
2026-02-03,swiggy order *6249   ,112.0,Card,Food
2026-01-10,BOOKMYSHOW *9297,649.0,Card,Entertainment
2026-08-05,MYNTRA *7681,4669.0,UPI,Shopping
2026-03-25,ZOMATO *5883,98.0,Card,Food
2025-12-01,ZOMATO *6788,261.0,UPI,Food
2026-02-18,CHAI POINT *4939,162.0,Card,Food
2026-05-06,AIRTEL BROADBAND *7249,840.0,Card,Bills
2026-07-06,CHAI POINT *6649,249.0,UPI,Food
2026-08-23,FLIPKART *3653,1288.0,Card,Shopping
2025-10-20,JIO RECHARGE *5208,2337.0,NetBanking,Bills
2026-02-23,dmart *2342   ,2426.0,NetBanking,Shopping
2026-05-03,NETFLIX *6604,472.0,Card,Entertainment
2026-01-05,spotify *8104   ,195.0,UPI,Entertainment
2025-11-30,STARBUCKS *4927,212.0,UPI,Food
2025-12-09,MYNTRA *5725,2445.0,UPI,Shopping
2026-09-14,SPOTIFY *7539,449.0,Card,Entertainment
2026-06-28,OLA CABS *2447,647.0,UPI,Travel
2026-09-06,IRCTC TICKET *3708,4830.0,UPI,Travel
2026-04-02,METRO RECHARGE *7686,1627.0,UPI,Travel
2026-03-27,ZOMATO *4787,66.0,UPI,Food
2026-02-04,SWIGGY ORDER *9384,686.0,Card,Food
2026-03-26,MYNTRA *5000,1833.0,UPI,Shopping
2026-07-11,NETFLIX *8022,579.0,UPI,Entertainment
2026-08-14,GAS BILL *9442,2580.0,NetBanking,Bills
2026-09-07,METRO RECHARGE *4732,2323.0,Card,Travel
2026-09-22,UBER TRIP *5435,2684.0,UPI,Travel
2025-11-10,INDIGO AIRLINES *8184,5836.0,UPI,Travel
2026-04-04,gas bill *4317   ,356.0,NetBanking,Bills
2026-09-17,myntra *2181   ,690.0,Card,Shopping
2025-10-11,RELIANCE TRENDS *1142,4487.0,NetBanking,Shopping
2025-11-25,CHAI POINT *1546,171.0,Card,Food
2025-10-04,BOOKMYSHOW *4209,329.0,UPI,Entertainment
2026-05-09,LIC PREMIUM *7696,1541.0,NetBanking,Bills
2025-12-23,LIC PREMIUM *4970,2190.0,NetBanking,Bills
2026-07-25,INDIGO AIRLINES *6856,884.0,UPI,Travel
2026-09-03,SPOTIFY *1689,193.0,UPI,Entertainment
2026-04-05,SPOTIFY *6060,550.0,UPI,Entertainment
2026-05-08,METRO RECHARGE *4961,,UPI,Travel
2025-12-14,BOOKMYSHOW *6073,580.0,NetBanking,Entertainment
2025-12-12,LIC PREMIUM *9089,1421.0,UPI,Bills
2025-11-28,HOTSTAR *5952,859.0,UPI,Entertainment
2025-12-11,INDIGO AIRLINES *7875,1948.0,UPI,Travel
2026-02-14,PVR CINEMAS *3468,172.0,UPI,Entertainment
2025-11-15,DOMINOS PIZZA *7966,390.0,Card,Food
2025-10-24,TORRENT POWER *6822,2699.0,NetBanking,Bills
2026-02-28,STARBUCKS *2134,539.0,NetBanking,Food
2026-07-19,STARBUCKS *9711,149.0,Card,Food
2026-01-30,INDIGO AIRLINES *3064,5355.0,NetBanking,Travel
2025-12-23,GAS BILL *4554,2564.0,Card,Bills
2026-09-12,bookmyshow *7396   ,879.0,UPI,Entertainment
2025-10-07,DMART *2167,310.0,Card,Shopping
2025-12-16,BOOKMYSHOW *7554,475.0,Card,Entertainment
2026-06-13,airtel broadband *9789   ,811.0,NetBanking,Bills
2026-02-26,MYNTRA *7242,2835.0,Card,Shopping
2026-03-04,SPOTIFY *7400,333.0,UPI,Entertainment
2026-01-28,TORRENT POWER *1581,2097.0,NetBanking,Bills
2026-03-18,PVR CINEMAS *4037,396.0,UPI,Entertainment
2026-05-24,MYNTRA *9190,4523.0,UPI,Shopping
2026-08-20,SWIGGY ORDER *6679,495.0,NetBanking,Food
2025-10-28,STARBUCKS *9905,98.0,UPI,Food
2025-12-29,HOTSTAR *5635,170.0,Card,Entertainment
2026-09-07,HOTSTAR *6162,309.0,Card,Entertainment
2026-04-17,flipkart *8630   ,3867.0,Card,Shopping
2026-03-06,DMART *2120,3268.0,UPI,Shopping
2025-12-30,CHAI POINT *1109,620.0,UPI,Food
2025-11-07,dmart *8538   ,3997.0,Card,Shopping
2026-06-07,NETFLIX *8715,849.0,NetBanking,Entertainment
2026-06-28,MYNTRA *9795,1785.0,Card,Shopping
2026-04-23,GAS BILL *9044,700.0,UPI,Bills
2026-03-19,INDIGO AIRLINES *4900,5564.0,Card,Travel
2026-07-12,TORRENT POWER *7262,1208.0,Card,Bills
2026-07-01,lic premium *8673   ,2936.0,NetBanking,Bills
2026-07-08,SWIGGY ORDER *1256,731.0,Card,Food
2026-05-31,JIO RECHARGE *2884,2797.0,UPI,Bills
2025-12-25,GAS BILL *3649,463.0,Card,Bills
2026-01-14,CHAI POINT *2128,498.0,Card,Food
2026-02-28,DMART *6534,4261.0,Card,Shopping
2026-09-17,TORRENT POWER *6073,1795.0,UPI,Bills
2026-03-27,METRO RECHARGE *8145,2942.0,Card,Travel
2026-03-10,lic premium *4327   ,277.0,Card,Bills
2025-12-26,BOOKMYSHOW *7219,569.0,NetBanking,Entertainment
2025-12-17,INDIGO AIRLINES *1364,4661.0,NetBanking,Travel
2025-11-14,METRO RECHARGE *6591,2776.0,Card,Travel
2026-06-12,AIRTEL BROADBAND *6262,2026.0,Card,Bills
2026-06-12,RELIANCE TRENDS *8869,507.0,UPI,Shopping
2026-04-05,CHAI POINT *3511,408.0,NetBanking,Food
2026-09-13,FLIPKART *6592,3502.0,Card,Shopping
2026-04-11,RELIANCE TRENDS *2476,3607.0,Card,Shopping
2026-08-28,GAS BILL *5598,1062.0,NetBanking,Bills
2026-02-21,ola cabs *4750   ,3197.0,NetBanking,Travel
2026-01-02,JIO RECHARGE *6832,682.0,NetBanking,Bills
2025-12-23,PVR CINEMAS *8631,157.0,UPI,Entertainment
2026-01-25,GAS BILL *9867,1973.0,UPI,Bills
2026-02-11,PVR CINEMAS *7031,246.0,NetBanking,Entertainment
2026-01-13,HOTSTAR *7755,700.0,NetBanking,Entertainment
2026-06-11,CHAI POINT *1480,203.0,NetBanking,Food
2025-10-02,DMART *1754,3568.0,NetBanking,Shopping
2026-07-09,DOMINOS PIZZA *4591,159.0,Card,Food
2026-02-06,HOTSTAR *2793,412.0,NetBanking,Entertainment
2026-04-03,FLIPKART *7041,4681.0,Card,Shopping
2026-09-06,gas bill *7764   ,934.0,UPI,Bills
2026-02-21,ZOMATO *9480,445.0,Card,Food
2026-08-13,STARBUCKS *2590,668.0,NetBanking,Food
2026-05-10,reliance trends *9282   ,3206.0,NetBanking,Shopping
2026-02-02,JIO RECHARGE *2036,185.0,UPI,Bills
2026-02-22,UBER TRIP *3982,1153.0,NetBanking,Travel
2026-03-27,IRCTC TICKET *8312,42.0,NetBanking,Travel
2026-04-21,HOTSTAR *6348,774.0,NetBanking,Entertainment
2025-11-15,dmart *1526   ,3424.0,Card,Shopping
2026-09-08,CHAI POINT *8340,526.0,UPI,Food
2026-06-13,BOOKMYSHOW *5804,548.0,Card,Entertainment
2026-02-15,CHAI POINT *1674,446.0,NetBanking,Food
2026-03-14,reliance trends *3898   ,277.0,Card,Shopping
2026-08-06,pvr cinemas *7671   ,638.0,NetBanking,Entertainment
2026-06-13,STARBUCKS *6669,747.0,NetBanking,Food
2025-11-28,FLIPKART *9906,2486.0,Card,Shopping
2026-01-13,JIO RECHARGE *4262,1182.0,UPI,Bills
2025-12-02,MYNTRA *9417,4400.0,Card,Shopping
2026-08-09,IRCTC TICKET *5068,4975.0,NetBanking,Travel
2026-02-05,AIRTEL BROADBAND *4688,1529.0,Card,Bills
2025-12-16,OLA CABS *7787,2177.0,UPI,Travel
2026-08-12,SPOTIFY *6592,515.0,UPI,Entertainment
2026-02-10,ZOMATO *4022,328.0,UPI,Food
2025-12-17,UBER TRIP *8240,2336.0,NetBanking,Travel
2026-06-06,swiggy order *9891   ,625.0,Card,Food
2026-08-15,JIO RECHARGE *8492,363.0,UPI,Bills
2026-01-31,METRO RECHARGE *2865,2952.0,Card,Travel
2026-05-06,RELIANCE TRENDS *6397,3265.0,UPI,Shopping
2026-08-16,TORRENT POWER *7360,2022.0,Card,Bills
2025-11-16,HOTSTAR *3931,354.0,NetBanking,Entertainment
2025-11-07,torrent power *7654   ,2590.0,NetBanking,Bills
2025-11-07,HOTSTAR *3061,490.0,NetBanking,Entertainment
2025-10-20,STARBUCKS *8273,523.0,Card,Food
2026-02-11,NETFLIX *4627,438.0,Card,Entertainment
2026-08-17,DMART *4303,3313.0,Card,Shopping
2026-04-13,TORRENT POWER *7900,2817.0,UPI,Bills
2025-10-21,BOOKMYSHOW *4670,828.0,UPI,Entertainment
2026-03-22,FLIPKART *7469,1341.0,NetBanking,Shopping
2026-03-06,irctc ticket *2793   ,2763.0,NetBanking,Travel
2026-03-17,HOTSTAR *7313,491.0,Card,Entertainment
2026-07-16,MYNTRA *2188,4497.0,UPI,Shopping
2026-02-06,swiggy order *2240   ,120.0,NetBanking,Food
2025-12-31,MYNTRA *2549,1964.0,UPI,Shopping
2025-10-10,FLIPKART *9316,1304.0,UPI,Shopping
2026-01-20,IRCTC TICKET *6462,3256.0,UPI,Travel
2026-09-02,DMART *8148,3413.0,UPI,Shopping
2026-05-15,METRO RECHARGE *5969,5103.0,NetBanking,Travel
2025-10-11,IRCTC TICKET *2620,4820.0,NetBanking,Travel
2025-10-12,FLIPKART *2560,1466.0,Card,Shopping
2026-03-01,DMART *8751,2610.0,UPI,Shopping
2026-05-04,MYNTRA *2036,2032.0,UPI,Shopping
2026-08-13,INDIGO AIRLINES *4072,2036.0,Card,Travel
2026-04-16,BOOKMYSHOW *9081,143.0,UPI,Entertainment
2025-10-25,dominos pizza *2055   ,71.0,NetBanking,Food
2026-09-02,METRO RECHARGE *4103,2480.0,Card,Travel
2025-12-28,JIO RECHARGE *4644,2736.0,Card,Bills
2026-06-12,METRO RECHARGE *1660,1388.0,UPI,Travel
2025-10-25,DMART *2164,2922.0,NetBanking,Shopping
2026-01-17,IRCTC TICKET *1802,5099.0,UPI,Travel
2026-03-12,MYNTRA *5656,1525.0,Card,Shopping
2026-01-15,NETFLIX *1889,833.0,Card,Entertainment
2026-04-05,DMART *3964,4794.0,Card,Shopping
2026-04-15,HOTSTAR *2141,465.0,Card,Entertainment
2026-07-09,FLIPKART *5839,4157.0,Card,Shopping
2026-04-05,LIC PREMIUM *1382,2406.0,NetBanking,Bills
2026-06-16,ZOMATO *4845,576.0,UPI,Food
2026-05-04,PVR CINEMAS *8863,113.0,UPI,Entertainment
2026-01-08,METRO RECHARGE *3849,3291.0,NetBanking,Travel
2026-03-22,lic premium *6409   ,2242.0,UPI,Bills
2026-02-18,JIO RECHARGE *3722,1409.0,Card,Bills
2025-12-04,STARBUCKS *6445,640.0,UPI,Food
2026-03-10,LIC PREMIUM *9708,2682.0,Card,Bills
2026-01-03,indigo airlines *8239   ,1614.0,Card,Travel
2026-09-01,TORRENT POWER *7731,1015.0,Card,Bills
2025-10-30,BOOKMYSHOW *4259,462.0,Card,Entertainment
2025-10-19,swiggy order *3242   ,389.0,NetBanking,Food
2026-01-03,metro recharge *5712   ,5167.0,NetBanking,Travel
2025-11-24,DMART *2267,1728.0,NetBanking,Shopping
2026-02-05,DOMINOS PIZZA *2734,725.0,Card,Food
2026-05-23,LIC PREMIUM *1556,975.0,UPI,Bills
2025-11-08,AMAZON PAY *8715,4724.0,Card,Shopping
2025-10-10,UBER TRIP *2936,5816.0,NetBanking,Travel
2025-12-01,AIRTEL BROADBAND *7429,1138.0,Card,Bills
2026-05-21,SWIGGY ORDER *3242,71.0,Card,Food
2026-08-10,BOOKMYSHOW *7007,521.0,UPI,Entertainment
2026-03-19,CHAI POINT *2736,82.0,Card,Food
2026-08-26,GAS BILL *9569,1830.0,NetBanking,Bills
2026-05-18,ZOMATO *4167,739.0,Card,Food
2026-06-25,SWIGGY ORDER *3466,294.0,UPI,Food
2026-05-11,ZOMATO *7709,629.0,NetBanking,Food
2025-11-29,IRCTC TICKET *8544,5554.0,Card,Travel
2025-10-26,FLIPKART *4356,715.0,UPI,Shopping
2025-12-10,AIRTEL BROADBAND *7391,295.0,Card,Bills
2026-01-17,chai point *2772   ,221.0,UPI,Food
2025-12-14,TORRENT POWER *9135,2109.0,NetBanking,Bills
2026-09-24,AIRTEL BROADBAND *5931,1672.0,UPI,Bills
2026-01-23,metro recharge *9651   ,2592.0,NetBanking,Travel
2026-02-20,airtel broadband *6919   ,2924.0,NetBanking,Bills
2026-09-19,SWIGGY ORDER *4414,192.0,NetBanking,Food
2025-12-11,OLA CABS *7981,69.0,NetBanking,Travel
2026-06-11,AMAZON PAY *3243,2845.0,Card,Shopping
2026-07-15,HOTSTAR *2004,145.0,Card,Entertainment
2026-06-09,flipkart *6869   ,2161.0,Card,Shopping
2026-06-22,OLA CABS *7228,3905.0,Card,Travel
2026-06-13,METRO RECHARGE *7450,4061.0,Card,Travel
2026-06-18,SWIGGY ORDER *1954,285.0,NetBanking,Food
2025-10-25,BOOKMYSHOW *8340,110.0,UPI,Entertainment
2025-11-26,MYNTRA *1976,3564.0,Card,Shopping
2026-03-08,dominos pizza *7902   ,127.0,UPI,Food
2026-08-08,PVR CINEMAS *6808,751.0,UPI,Entertainment
2026-05-25,DOMINOS PIZZA *4900,617.0,UPI,Food
2026-07-15,NETFLIX *6202,323.0,NetBanking,Entertainment
2026-07-06,PVR CINEMAS *1580,352.0,UPI,Entertainment
2025-11-08,JIO RECHARGE *4667,2951.0,Card,Bills
2026-07-27,JIO RECHARGE *1661,2440.0,NetBanking,Bills
2026-06-10,FLIPKART *5317,3654.0,UPI,Shopping
2026-01-27,LIC PREMIUM *6873,448.0,NetBanking,Bills
2025-11-23,OLA CABS *9851,199.0,Card,Travel
2026-03-06,AIRTEL BROADBAND *2725,1134.0,Card,Bills
2026-08-14,LIC PREMIUM *9436,897.0,UPI,Bills
2025-11-27,UBER TRIP *9345,5563.0,NetBanking,Travel
2025-11-08,IRCTC TICKET *8170,5151.0,UPI,Travel
2026-09-15,AMAZON PAY *7397,2957.0,UPI,Shopping
2026-05-07,amazon pay *1463   ,1166.0,NetBanking,Shopping
2026-04-27,FLIPKART *9234,2511.0,NetBanking,Shopping
2026-05-10,dmart *2809   ,3207.0,Card,Shopping
2026-03-11,IRCTC TICKET *4451,4104.0,NetBanking,Travel
2026-03-09,STARBUCKS *5300,326.0,Card,Food
2026-02-06,STARBUCKS *2545,106.0,NetBanking,Food
2026-01-08,SWIGGY ORDER *1685,423.0,UPI,Food
2026-04-26,DOMINOS PIZZA *7845,746.0,UPI,Food
2026-08-15,DOMINOS PIZZA *4231,609.0,Card,Food
2026-06-12,FLIPKART *3428,741.0,Card,Shopping
2025-12-16,HOTSTAR *4067,619.0,NetBanking,Entertainment
2026-06-09,DOMINOS PIZZA *3042,562.0,NetBanking,Food
2026-07-19,FLIPKART *8943,3862.0,NetBanking,Shopping
2026-03-26,CHAI POINT *5243,689.0,Card,Food
2026-08-14,BOOKMYSHOW *2337,259.0,NetBanking,Entertainment
2026-09-22,JIO RECHARGE *1865,1711.0,Card,Bills
2026-02-15,NETFLIX *7534,713.0,Card,Entertainment
2026-02-04,OLA CABS *8016,5875.0,UPI,Travel
2025-10-16,INDIGO AIRLINES *9750,3142.0,UPI,Travel
2025-12-31,CHAI POINT *1581,192.0,NetBanking,Food
2026-03-07,STARBUCKS *1203,255.0,UPI,Food
2026-04-08,UBER TRIP *6759,5718.0,UPI,Travel
2026-08-29,LIC PREMIUM *6577,1709.0,NetBanking,Bills
2026-01-17,JIO RECHARGE *4807,1451.0,UPI,Bills
2026-01-11,PVR CINEMAS *5631,466.0,UPI,Entertainment
2026-03-26,MYNTRA *7371,1926.0,NetBanking,Shopping
2026-04-24,RELIANCE TRENDS *5157,2667.0,NetBanking,Shopping
2026-01-29,NETFLIX *8973,580.0,Card,Entertainment
2026-07-06,PVR CINEMAS *5933,438.0,Card,Entertainment
2026-02-28,UBER TRIP *5242,3735.0,UPI,Travel
2025-11-02,LIC PREMIUM *2223,917.0,NetBanking,Bills
2025-12-06,LIC PREMIUM *1193,2157.0,Card,Bills
2026-01-27,CHAI POINT *4227,746.0,UPI,Food
2026-09-11,NETFLIX *3646,188.0,UPI,Entertainment
2025-11-25,DOMINOS PIZZA *2910,628.0,Card,Food
2025-11-07,STARBUCKS *1901,134.0,Card,Food
2026-01-24,METRO RECHARGE *8870,5733.0,UPI,Travel
2026-09-24,dominos pizza *9901   ,515.0,NetBanking,Food
2026-02-16,DMART *1028,1213.0,NetBanking,Shopping
2026-03-01,STARBUCKS *2668,207.0,UPI,Food
2026-03-30,lic premium *6795   ,2265.0,UPI,Bills
2026-04-11,BOOKMYSHOW *6238,316.0,NetBanking,Entertainment
2025-10-31,MYNTRA *2063,4524.0,NetBanking,Shopping
2026-07-06,RELIANCE TRENDS *9519,1999.0,NetBanking,Shopping
2026-01-25,DOMINOS PIZZA *8778,684.0,NetBanking,Food
2026-08-01,NETFLIX *9056,442.0,NetBanking,Entertainment
2026-06-03,AIRTEL BROADBAND *7380,765.0,NetBanking,Bills
2026-03-01,SWIGGY ORDER *8325,505.0,UPI,Food
2026-02-08,AMAZON PAY *6594,1844.0,UPI,Shopping
2025-10-15,METRO RECHARGE *3172,5006.0,UPI,Travel
2026-06-10,STARBUCKS *9023,765.0,UPI,Food
2026-08-09,IRCTC TICKET *6113,267.0,Card,Travel
2026-07-20,UBER TRIP *4078,2726.0,NetBanking,Travel
2025-10-12,DOMINOS PIZZA *2353,795.0,Card,Food
2026-08-16,ZOMATO *5358,656.0,Card,Food
2026-01-01,LIC PREMIUM *2344,473.0,NetBanking,Bills
2026-06-08,ZOMATO *1680,536.0,UPI,Food
2026-01-21,METRO RECHARGE *5200,56.0,UPI,Travel
2025-10-07,HOTSTAR *7691,,Card,Entertainment
2026-04-20,AMAZON PAY *2667,4332.0,UPI,Shopping
2026-06-12,OLA CABS *4659,2985.0,NetBanking,Travel
2026-03-19,FLIPKART *8867,4464.0,UPI,Shopping
2026-06-21,myntra *3841   ,4408.0,NetBanking,Shopping
2026-08-24,INDIGO AIRLINES *8963,5289.0,UPI,Travel
2026-05-31,MYNTRA *1793,2034.0,NetBanking,Shopping
2025-10-11,TORRENT POWER *8129,2855.0,UPI,Bills
2026-02-13,DOMINOS PIZZA *1386,84.0,Card,Food
2026-07-04,CHAI POINT *8396,230.0,NetBanking,Food
2025-10-03,RELIANCE TRENDS *3073,512.0,Card,Shopping
2025-10-28,SWIGGY ORDER *3113,222.0,UPI,Food
2025-12-28,FLIPKART *7576,911.0,NetBanking,Shopping
2026-07-29,METRO RECHARGE *3159,5172.0,UPI,Travel
2026-09-17,STARBUCKS *1869,466.0,Card,Food
2026-08-20,OLA CABS *8624,174.0,Card,Travel
2026-09-24,AIRTEL BROADBAND *4471,986.0,UPI,Bills
2026-04-29,MYNTRA *3079,2917.0,UPI,Shopping
2026-09-02,NETFLIX *8037,580.0,NetBanking,Entertainment
2025-11-27,AMAZON PAY *8604,328.0,UPI,Shopping
2026-09-02,MYNTRA *1988,4316.0,NetBanking,Shopping
2026-04-06,INDIGO AIRLINES *6877,4962.0,NetBanking,Travel
2026-01-17,MYNTRA *1699,2238.0,NetBanking,Shopping
2026-06-23,MYNTRA *3395,228.0,NetBanking,Shopping
2026-02-22,SWIGGY ORDER *2248,562.0,Card,Food
2026-02-21,ola cabs *7272   ,1324.0,NetBanking,Travel
2025-11-30,BOOKMYSHOW *3354,364.0,Card,Entertainment
2026-04-12,FLIPKART *2540,3436.0,Card,Shopping
2026-03-31,reliance trends *5186   ,913.0,Card,Shopping
2025-11-25,OLA CABS *3741,3060.0,UPI,Travel
2026-05-19,JIO RECHARGE *7382,2638.0,UPI,Bills
2026-07-14,CHAI POINT *7615,434.0,Card,Food
2026-02-09,GAS BILL *5182,,NetBanking,Bills
2025-12-26,INDIGO AIRLINES *9041,381.0,UPI,Travel
2026-08-09,STARBUCKS *6014,525.0,NetBanking,Food
2025-12-08,SWIGGY ORDER *3346,355.0,NetBanking,Food
2026-07-02,DMART *5713,3292.0,UPI,Shopping
2025-12-28,HOTSTAR *5675,455.0,Card,Entertainment
2026-08-23,RELIANCE TRENDS *3750,669.0,UPI,Shopping
2026-07-28,GAS BILL *1130,1344.0,Card,Bills
2026-03-25,ZOMATO *1752,481.0,Card,Food
2026-09-08,chai point *8754   ,625.0,NetBanking,Food
2026-01-01,METRO RECHARGE *9817,4419.0,NetBanking,Travel
2026-06-21,GAS BILL *9226,2403.0,UPI,Bills
2026-02-23,METRO RECHARGE *4981,4809.0,Card,Travel
2026-07-28,SPOTIFY *1330,263.0,UPI,Entertainment
2026-02-16,FLIPKART *3999,1393.0,NetBanking,Shopping
2025-10-29,HOTSTAR *1814,490.0,NetBanking,Entertainment
2026-08-28,ZOMATO *7197,390.0,UPI,Food
2025-12-10,BOOKMYSHOW *1614,424.0,NetBanking,Entertainment
2026-08-03,UBER TRIP *3102,3070.0,UPI,Travel
2026-04-18,metro recharge *3294   ,111.0,Card,Travel
2026-06-29,SPOTIFY *7449,732.0,UPI,Entertainment
2026-05-13,HOTSTAR *4041,346.0,UPI,Entertainment
2026-01-22,JIO RECHARGE *6797,,NetBanking,Bills
2026-05-02,IRCTC TICKET *9949,3135.0,UPI,Travel
2026-04-04,SWIGGY ORDER *5700,217.0,NetBanking,Food
2026-07-05,HOTSTAR *8059,582.0,Card,Entertainment
2026-08-16,TORRENT POWER *2761,2125.0,NetBanking,Bills
2026-02-15,FLIPKART *5440,1208.0,NetBanking,Shopping
2025-11-06,IRCTC TICKET *4872,1094.0,NetBanking,Travel
2026-01-29,FLIPKART *8552,1837.0,Card,Shopping
2026-09-21,DMART *2563,3700.0,UPI,Shopping
2025-11-20,AIRTEL BROADBAND *2652,1594.0,Card,Bills
2026-06-28,starbucks *8147   ,523.0,NetBanking,Food
2026-01-09,AIRTEL BROADBAND *8933,1530.0,Card,Bills
2026-08-30,RELIANCE TRENDS *3568,2067.0,Card,Shopping
2026-08-05,INDIGO AIRLINES *2421,4818.0,UPI,Travel
2026-06-03,METRO RECHARGE *2260,224.0,Card,Travel
2025-11-24,SWIGGY ORDER *5025,578.0,UPI,Food
2025-11-04,LIC PREMIUM *7789,1881.0,Card,Bills
2026-02-01,DOMINOS PIZZA *2409,730.0,UPI,Food
2025-10-10,STARBUCKS *8069,323.0,UPI,Food
2025-10-08,HOTSTAR *4401,656.0,UPI,Entertainment
2026-08-21,OLA CABS *5150,4913.0,Card,Travel
2026-06-06,flipkart *9940   ,1004.0,Card,Shopping
2026-06-04,BOOKMYSHOW *1537,506.0,UPI,Entertainment
2026-01-05,JIO RECHARGE *5078,1855.0,NetBanking,Bills
2025-12-08,AMAZON PAY *9553,3920.0,UPI,Shopping
2026-02-02,RELIANCE TRENDS *5287,2461.0,Card,Shopping
2025-12-27,MYNTRA *7731,3136.0,Card,Shopping
2026-09-02,NETFLIX *3022,570.0,NetBanking,Entertainment
2025-11-08,ZOMATO *4715,601.0,Card,Food
2026-06-29,STARBUCKS *3785,568.0,Card,Food
2026-01-07,SWIGGY ORDER *2913,632.0,NetBanking,Food
2025-11-10,bookmyshow *6241   ,325.0,Card,Entertainment
2026-03-12,METRO RECHARGE *6334,,NetBanking,Travel
2025-10-29,bookmyshow *2840   ,318.0,NetBanking,Entertainment
2025-11-21,PVR CINEMAS *4610,767.0,NetBanking,Entertainment
2026-03-24,SPOTIFY *6565,709.0,Card,Entertainment
2026-01-09,FLIPKART *8750,884.0,UPI,Shopping
2025-11-25,LIC PREMIUM *9370,2997.0,Card,Bills
2026-08-07,PVR CINEMAS *9719,325.0,Card,Entertainment
2026-02-27,SWIGGY ORDER *7559,512.0,NetBanking,Food
2026-05-14,STARBUCKS *9787,494.0,Card,Food
2026-06-21,JIO RECHARGE *9038,949.0,Card,Bills
2026-02-21,DMART *9815,1216.0,UPI,Shopping
2025-11-15,TORRENT POWER *1941,2446.0,Card,Bills
2026-05-21,DMART *7633,1956.0,Card,Shopping
2026-02-12,FLIPKART *2073,2587.0,NetBanking,Shopping
2025-11-26,DOMINOS PIZZA *5890,684.0,UPI,Food
2025-11-09,MYNTRA *4607,2783.0,Card,Shopping
2026-03-05,AIRTEL BROADBAND *4255,239.0,Card,Bills
2026-06-25,JIO RECHARGE *6912,1184.0,UPI,Bills
2026-03-30,MYNTRA *5637,2304.0,Card,Shopping
2025-10-09,CHAI POINT *4908,753.0,NetBanking,Food
2026-09-15,LIC PREMIUM *5142,2853.0,UPI,Bills
2026-07-01,HOTSTAR *4810,137.0,Card,Entertainment
2025-12-04,PVR CINEMAS *3642,252.0,UPI,Entertainment
2025-11-23,STARBUCKS *9053,318.0,NetBanking,Food
2025-11-27,BOOKMYSHOW *3568,402.0,NetBanking,Entertainment
2025-10-03,IRCTC TICKET *5804,3236.0,Card,Travel
2026-06-07,DOMINOS PIZZA *8254,713.0,Card,Food
2026-07-10,HOTSTAR *1371,714.0,NetBanking,Entertainment
2026-03-30,NETFLIX *5286,765.0,Card,Entertainment
2026-09-05,HOTSTAR *9128,150.0,NetBanking,Entertainment
2026-09-01,RELIANCE TRENDS *7841,3147.0,Card,Shopping
2026-07-03,IRCTC TICKET *5145,2815.0,Card,Travel
2026-05-20,NETFLIX *1847,712.0,Card,Entertainment
2026-06-08,RELIANCE TRENDS *6634,2323.0,NetBanking,Shopping
2026-09-24,SPOTIFY *4777,885.0,Card,Entertainment
2026-09-18,SPOTIFY *3381,,Card,Entertainment
2026-07-12,DMART *5107,3573.0,Card,Shopping
2026-04-27,ZOMATO *1271,202.0,NetBanking,Food
2026-01-18,FLIPKART *2016,4065.0,UPI,Shopping
2025-11-30,UBER TRIP *5875,4397.0,Card,Travel
2026-01-03,GAS BILL *9759,693.0,NetBanking,Bills
2026-09-21,jio recharge *9080   ,2877.0,Card,Bills
2026-04-15,METRO RECHARGE *4845,4250.0,UPI,Travel
2025-10-19,spotify *1395   ,543.0,UPI,Entertainment
2026-01-14,INDIGO AIRLINES *2693,1722.0,UPI,Travel
2025-12-18,AMAZON PAY *4123,1097.0,UPI,Shopping
2026-05-29,ola cabs *8763   ,5979.0,UPI,Travel
2026-08-05,STARBUCKS *9711,650.0,NetBanking,Food
2026-01-04,PVR CINEMAS *7452,873.0,UPI,Entertainment
2026-03-12,DMART *8399,4132.0,Card,Shopping
2025-12-25,RELIANCE TRENDS *7929,1450.0,UPI,Shopping
2026-03-14,NETFLIX *2620,656.0,UPI,Entertainment
2026-06-16,LIC PREMIUM *4744,1051.0,Card,Bills
2026-03-03,FLIPKART *1619,1082.0,UPI,Shopping
2025-12-22,dominos pizza *2291   ,476.0,NetBanking,Food
2025-11-19,airtel broadband *5082   ,1580.0,UPI,Bills
2026-05-25,spotify *4932   ,295.0,UPI,Entertainment
2026-06-02,IRCTC TICKET *3670,3791.0,UPI,Travel
2026-04-06,HOTSTAR *4512,184.0,NetBanking,Entertainment
2026-09-22,BOOKMYSHOW *5669,147.0,NetBanking,Entertainment
2026-09-03,STARBUCKS *3869,222.0,UPI,Food
2026-03-03,FLIPKART *5535,1176.0,NetBanking,Shopping
2026-02-07,SWIGGY ORDER *1571,619.0,UPI,Food
2026-01-09,AIRTEL BROADBAND *5090,1190.0,Card,Bills
2026-02-03,ZOMATO *5632,204.0,UPI,Food
2026-09-18,PVR CINEMAS *8173,334.0,NetBanking,Entertainment
2026-06-15,INDIGO AIRLINES *4874,2441.0,NetBanking,Travel
2026-02-24,SPOTIFY *6057,527.0,NetBanking,Entertainment
2026-07-19,spotify *6497   ,718.0,Card,Entertainment
2026-04-10,AIRTEL BROADBAND *2040,2721.0,Card,Bills
2026-07-26,TORRENT POWER *6839,2015.0,UPI,Bills
2026-05-05,PVR CINEMAS *8697,392.0,NetBanking,Entertainment
2026-06-23,IRCTC TICKET *9084,5407.0,Card,Travel
2026-03-14,MYNTRA *7612,1022.0,Card,Shopping
2025-10-23,SPOTIFY *8140,663.0,UPI,Entertainment
2026-08-06,LIC PREMIUM *7704,1291.0,Card,Bills
2026-04-02,JIO RECHARGE *9834,2048.0,UPI,Bills
2026-05-29,NETFLIX *4645,627.0,NetBanking,Entertainment
2026-05-24,OLA CABS *5211,3274.0,Card,Travel
2025-12-07,AMAZON PAY *4804,2568.0,Card,Shopping
2026-01-31,OLA CABS *3735,5459.0,Card,Travel
2026-06-08,IRCTC TICKET *5858,429.0,NetBanking,Travel
2025-11-05,GAS BILL *4374,1166.0,NetBanking,Bills
2026-07-05,CHAI POINT *1992,774.0,Card,Food
2026-09-14,JIO RECHARGE *8265,1255.0,Card,Bills
2025-10-07,JIO RECHARGE *2220,984.0,NetBanking,Bills
2025-10-18,CHAI POINT *7927,71.0,UPI,Food
2026-08-14,MYNTRA *5239,4679.0,UPI,Shopping
2026-01-16,FLIPKART *7411,892.0,NetBanking,Shopping
2025-12-07,amazon pay *6660   ,4678.0,NetBanking,Shopping
2025-11-07,BOOKMYSHOW *6891,286.0,UPI,Entertainment
2025-12-01,DOMINOS PIZZA *6560,253.0,NetBanking,Food
2025-10-02,TORRENT POWER *2021,2763.0,Card,Bills
2026-06-22,DMART *8246,354.0,NetBanking,Shopping
2025-10-16,INDIGO AIRLINES *8318,5071.0,Card,Travel
2026-07-16,DMART *6664,4059.0,UPI,Shopping
2026-08-01,NETFLIX *2932,772.0,UPI,Entertainment
2025-11-17,SPOTIFY *2863,214.0,UPI,Entertainment
2025-10-04,UBER TRIP *8928,5928.0,NetBanking,Travel
2026-03-01,GAS BILL *2712,757.0,UPI,Bills
2026-06-02,AMAZON PAY *3156,2780.0,Card,Shopping
2025-11-07,LIC PREMIUM *1659,2183.0,UPI,Bills
2026-09-18,DOMINOS PIZZA *8233,138.0,Card,Food
2026-07-12,irctc ticket *3665   ,1799.0,UPI,Travel
2026-09-21,IRCTC TICKET *5311,2642.0,NetBanking,Travel
2026-02-24,INDIGO AIRLINES *5354,4278.0,UPI,Travel
2025-12-05,HOTSTAR *5530,201.0,Card,Entertainment
2025-12-15,netflix *3419   ,671.0,UPI,Entertainment
2026-05-13,METRO RECHARGE *1737,275.0,NetBanking,Travel
2026-03-26,SWIGGY ORDER *2469,689.0,NetBanking,Food
2026-01-08,PVR CINEMAS *7404,403.0,Card,Entertainment
2026-03-31,GAS BILL *9347,2829.0,UPI,Bills
2025-11-12,SPOTIFY *9484,283.0,Card,Entertainment
2025-10-18,PVR CINEMAS *5757,,UPI,Entertainment
2026-03-19,HOTSTAR *3422,655.0,UPI,Entertainment
2026-03-30,MYNTRA *8382,3527.0,NetBanking,Shopping
2026-04-26,DOMINOS PIZZA *9457,352.0,NetBanking,Food
2026-05-21,UBER TRIP *6494,384.0,UPI,Travel
2026-06-22,DMART *3502,2019.0,Card,Shopping
2026-07-15,IRCTC TICKET *7341,1279.0,UPI,Travel
2026-05-14,spotify *6873   ,506.0,UPI,Entertainment
2026-07-13,IRCTC TICKET *3809,5001.0,Card,Travel
2026-02-09,STARBUCKS *4141,311.0,NetBanking,Food
2026-03-20,JIO RECHARGE *6273,1868.0,Card,Bills
2026-02-27,netflix *3852   ,753.0,NetBanking,Entertainment
2026-09-03,chai point *5033   ,383.0,Card,Food
2026-04-11,AIRTEL BROADBAND *3866,842.0,NetBanking,Bills
2026-01-18,PVR CINEMAS *7121,275.0,Card,Entertainment
2026-05-18,HOTSTAR *7033,356.0,NetBanking,Entertainment
2026-04-05,AMAZON PAY *1534,3662.0,UPI,Shopping
2026-03-12,LIC PREMIUM *9641,1504.0,UPI,Bills
2026-07-31,AMAZON PAY *3903,4595.0,NetBanking,Shopping
2026-06-03,AMAZON PAY *1404,1043.0,NetBanking,Shopping
2026-03-14,SWIGGY ORDER *7941,514.0,UPI,Food
2026-04-20,RELIANCE TRENDS *8260,3088.0,Card,Shopping
2026-01-17,NETFLIX *5457,899.0,UPI,Entertainment
2025-12-25,AMAZON PAY *5624,,Card,Shopping
2025-10-15,IRCTC TICKET *1573,4254.0,UPI,Travel
2026-05-07,DOMINOS PIZZA *3454,502.0,NetBanking,Food
2026-03-25,STARBUCKS *3666,523.0,NetBanking,Food
2025-10-08,UBER TRIP *8468,382.0,NetBanking,Travel
2026-07-30,OLA CABS *1985,3643.0,Card,Travel
2026-06-04,LIC PREMIUM *5626,2121.0,Card,Bills
2026-06-15,STARBUCKS *3496,,Card,Food
2026-08-28,NETFLIX *8005,823.0,NetBanking,Entertainment
2026-07-31,LIC PREMIUM *8683,696.0,UPI,Bills
2026-04-08,AMAZON PAY *2885,1499.0,NetBanking,Shopping
2025-10-26,uber trip *9238   ,3399.0,Card,Travel
2026-08-06,CHAI POINT *7255,333.0,NetBanking,Food
2026-04-25,DOMINOS PIZZA *2294,764.0,NetBanking,Food
2026-02-15,DOMINOS PIZZA *7194,462.0,NetBanking,Food
2026-01-11,AIRTEL BROADBAND *2001,1298.0,UPI,Bills
2026-03-24,swiggy order *2245   ,674.0,Card,Food
2026-05-01,DOMINOS PIZZA *8740,530.0,UPI,Food
2026-09-22,DOMINOS PIZZA *3800,250.0,UPI,Food
2025-11-16,SPOTIFY *5958,623.0,NetBanking,Entertainment
2026-07-17,pvr cinemas *3951   ,313.0,Card,Entertainment
2026-02-06,FLIPKART *4743,800.0,UPI,Shopping
2026-01-23,DOMINOS PIZZA *2388,149.0,UPI,Food
2026-06-19,MYNTRA *3131,1015.0,NetBanking,Shopping
2026-05-15,CHAI POINT *4791,324.0,NetBanking,Food
2025-11-16,JIO RECHARGE *9350,2686.0,Card,Bills
2025-10-30,DOMINOS PIZZA *3161,263.0,UPI,Food
2026-03-03,BOOKMYSHOW *3539,240.0,UPI,Entertainment
2026-05-31,MYNTRA *5359,4817.0,NetBanking,Shopping
2025-12-04,BOOKMYSHOW *5183,186.0,UPI,Entertainment
2026-09-15,LIC PREMIUM *7468,2645.0,NetBanking,Bills
2026-01-12,TORRENT POWER *7905,2984.0,UPI,Bills
2026-07-23,LIC PREMIUM *8129,1075.0,UPI,Bills
2026-01-01,UBER TRIP *5749,3545.0,Card,Travel
2025-10-12,DMART *1140,1989.0,NetBanking,Shopping
2026-09-23,SPOTIFY *2014,701.0,Card,Entertainment
2026-07-13,starbucks *8311   ,483.0,NetBanking,Food
2025-11-01,flipkart *6341   ,238.0,UPI,Shopping
2026-08-27,DOMINOS PIZZA *6417,749.0,NetBanking,Food
2026-01-07,DOMINOS PIZZA *6398,268.0,UPI,Food
2026-07-31,DMART *7644,3050.0,Card,Shopping
2026-03-04,HOTSTAR *9448,854.0,Card,Entertainment
2026-08-11,JIO RECHARGE *6733,867.0,UPI,Bills
2026-08-31,METRO RECHARGE *2067,66.0,Card,Travel
2026-01-09,AIRTEL BROADBAND *3307,2563.0,Card,Bills
2026-03-26,DOMINOS PIZZA *8162,446.0,Card,Food
2026-06-27,UBER TRIP *5769,4836.0,NetBanking,Travel
2026-08-23,DMART *1226,4343.0,Card,Shopping
2026-04-05,GAS BILL *7701,1048.0,NetBanking,Bills
2026-09-19,UBER TRIP *6618,4276.0,Card,Travel
2026-08-30,GAS BILL *9712,520.0,NetBanking,Bills
2026-01-25,TORRENT POWER *1867,2216.0,UPI,Bills
2025-12-30,HOTSTAR *7554,106.0,Card,Entertainment
2026-08-18,NETFLIX *3191,683.0,UPI,Entertainment
2026-01-20,AIRTEL BROADBAND *3557,1646.0,NetBanking,Bills
2026-06-29,FLIPKART *5690,3450.0,Card,Shopping
2026-07-17,AIRTEL BROADBAND *9120,2630.0,NetBanking,Bills
2025-12-27,ZOMATO *4680,715.0,UPI,Food
2026-03-03,PVR CINEMAS *8597,461.0,NetBanking,Entertainment
2026-07-22,CHAI POINT *4395,239.0,Card,Food
2025-10-30,OLA CABS *7899,313.0,UPI,Travel
2026-07-12,dominos pizza *6393   ,79.0,NetBanking,Food
2025-11-08,UBER TRIP *8970,4266.0,Card,Travel
2025-10-17,DOMINOS PIZZA *5027,324.0,Card,Food
2026-07-10,FLIPKART *1270,1386.0,UPI,Shopping
2026-03-03,BOOKMYSHOW *3539,240.0,UPI,Entertainment
2026-06-20,bookmyshow *3340   ,,Card,Entertainment
2026-04-30,BOOKMYSHOW *3671,474.0,NetBanking,Entertainment
2026-08-22,AMAZON PAY *7620,2066.0,Card,Shopping
2026-05-23,PVR CINEMAS *9811,259.0,UPI,Entertainment
2026-02-19,JIO RECHARGE *2762,2531.0,Card,Bills
2026-04-24,RELIANCE TRENDS *5157,2667.0,NetBanking,Shopping
2026-09-19,NETFLIX *1983,586.0,UPI,Entertainment
2026-05-15,bookmyshow *1704   ,401.0,Card,Entertainment
2026-05-26,INDIGO AIRLINES *6253,2036.0,Card,Travel
2025-12-29,METRO RECHARGE *1417,154.0,UPI,Travel
2025-10-03,TORRENT POWER *2331,2936.0,Card,Bills
2026-03-10,UBER TRIP *8848,5248.0,UPI,Travel
2026-03-28,DMART *5134,1516.0,Card,Shopping
2026-09-21,CHAI POINT *6173,446.0,UPI,Food
2026-02-17,JIO RECHARGE *5825,705.0,UPI,Bills
2026-02-08,RELIANCE TRENDS *4840,1228.0,Card,Shopping
2025-11-11,JIO RECHARGE *3274,923.0,NetBanking,Bills
2026-01-18,BOOKMYSHOW *8933,186.0,UPI,Entertainment
2025-10-14,SPOTIFY *1071,543.0,NetBanking,Entertainment
2026-03-15,ZOMATO *5383,248.0,Card,Food
2025-11-10,hotstar *7010   ,352.0,NetBanking,Entertainment
2026-07-09,METRO RECHARGE *9328,2595.0,NetBanking,Travel
2026-01-06,PVR CINEMAS *1197,609.0,UPI,Entertainment
2026-09-06,hotstar *9615   ,505.0,Card,Entertainment
2025-11-24,STARBUCKS *7099,495.0,UPI,Food
2026-01-30,STARBUCKS *3939,69.0,NetBanking,Food
2025-11-30,BOOKMYSHOW *3646,868.0,Card,Entertainment
2026-04-30,SPOTIFY *1325,609.0,UPI,Entertainment
2025-10-15,DMART *5945,2851.0,Card,Shopping
2026-06-28,DOMINOS PIZZA *1773,569.0,UPI,Food
2026-05-09,BOOKMYSHOW *2117,436.0,UPI,Entertainment
2025-12-29,SPOTIFY *4413,890.0,UPI,Entertainment
2026-08-17,RELIANCE TRENDS *2365,699.0,UPI,Shopping
2025-11-26,FLIPKART *9371,431.0,Card,Shopping
2026-03-01,swiggy order *1572   ,413.0,Card,Food
2026-02-01,CHAI POINT *7144,699.0,NetBanking,Food
2026-09-06,DOMINOS PIZZA *5567,746.0,NetBanking,Food
2026-01-09,DMART *9435,4785.0,NetBanking,Shopping
2026-05-21,CHAI POINT *6897,657.0,Card,Food
2026-07-23,AMAZON PAY *6008,2615.0,Card,Shopping
2026-01-14,FLIPKART *1071,2885.0,Card,Shopping
2025-11-23,CHAI POINT *9823,762.0,UPI,Food
2026-01-04,DMART *8540,1496.0,NetBanking,Shopping
2026-03-31,AMAZON PAY *3505,1117.0,NetBanking,Shopping
2026-09-24,AIRTEL BROADBAND *8833,2043.0,Card,Bills
2025-12-20,HOTSTAR *6755,629.0,NetBanking,Entertainment
2025-12-14,FLIPKART *4716,3614.0,UPI,Shopping
2026-06-04,AIRTEL BROADBAND *1775,2923.0,UPI,Bills
2026-03-28,STARBUCKS *6695,568.0,NetBanking,Food
2026-08-04,JIO RECHARGE *4818,1135.0,Card,Bills
2025-11-20,BOOKMYSHOW *2209,132.0,NetBanking,Entertainment
2026-06-25,HOTSTAR *7588,338.0,UPI,Entertainment
2026-04-19,BOOKMYSHOW *9333,466.0,NetBanking,Entertainment
2026-02-03,INDIGO AIRLINES *8462,5145.0,NetBanking,Travel
2025-12-20,DMART *8361,4399.0,NetBanking,Shopping
2026-05-24,FLIPKART *1421,1409.0,UPI,Shopping
2026-02-16,ola cabs *3274   ,2510.0,NetBanking,Travel
2025-12-13,IRCTC TICKET *9378,1637.0,UPI,Travel
2026-07-12,OLA CABS *5597,3915.0,UPI,Travel
2026-01-09,AIRTEL BROADBAND *3510,690.0,Card,Bills
2026-07-12,NETFLIX *9751,615.0,Card,Entertainment
2026-05-21,STARBUCKS *1523,405.0,Card,Food
2026-04-18,IRCTC TICKET *6427,3741.0,NetBanking,Travel
2026-05-20,BOOKMYSHOW *7040,587.0,UPI,Entertainment
2026-01-08,CHAI POINT *8281,521.0,UPI,Food
2026-02-05,SPOTIFY *5537,386.0,Card,Entertainment
2026-05-23,LIC PREMIUM *8226,1337.0,NetBanking,Bills
2026-02-15,airtel broadband *1610   ,1877.0,NetBanking,Bills
2025-10-02,AMAZON PAY *5737,1054.0,UPI,Shopping
2026-01-20,AMAZON PAY *3814,3574.0,NetBanking,Shopping
2025-11-11,HOTSTAR *1282,156.0,Card,Entertainment
2026-06-21,NETFLIX *8777,235.0,NetBanking,Entertainment
2026-08-03,SWIGGY ORDER *3747,641.0,UPI,Food
2026-02-28,METRO RECHARGE *9624,1216.0,UPI,Travel
2025-12-20,AIRTEL BROADBAND *3083,1240.0,UPI,Bills
2026-05-06,OLA CABS *4235,5320.0,NetBanking,Travel
2026-08-02,PVR CINEMAS *2174,239.0,UPI,Entertainment
2026-04-09,OLA CABS *8095,5571.0,NetBanking,Travel
2026-03-09,FLIPKART *7506,3708.0,Card,Shopping
2025-12-15,JIO RECHARGE *2881,350.0,Card,Bills
2025-10-02,BOOKMYSHOW *2975,243.0,Card,Entertainment
2026-03-22,FLIPKART *6392,1803.0,UPI,Shopping
2025-11-25,IRCTC TICKET *6769,5773.0,Card,Travel
2025-11-24,UBER TRIP *4083,4792.0,NetBanking,Travel
2026-05-21,SPOTIFY *2060,378.0,UPI,Entertainment
2026-08-14,METRO RECHARGE *2909,2621.0,NetBanking,Travel
2025-11-02,zomato *7089   ,288.0,Card,Food
2026-06-30,PVR CINEMAS *4135,448.0,UPI,Entertainment
2026-01-12,PVR CINEMAS *7479,,UPI,Entertainment
2026-04-09,DMART *2074,4169.0,Card,Shopping
2026-07-28,JIO RECHARGE *1816,232.0,UPI,Bills
2026-05-25,JIO RECHARGE *8117,1166.0,UPI,Bills
2025-10-11,PVR CINEMAS *9007,642.0,UPI,Entertainment
2026-08-04,MYNTRA *5261,1558.0,Card,Shopping
2026-08-30,DOMINOS PIZZA *7267,685.0,Card,Food
2026-03-08,CHAI POINT *8291,541.0,UPI,Food
2026-05-08,SPOTIFY *9123,129.0,NetBanking,Entertainment
2026-04-06,FLIPKART *3866,2211.0,NetBanking,Shopping
2026-03-03,ZOMATO *8853,151.0,UPI,Food
2026-07-19,JIO RECHARGE *4406,881.0,UPI,Bills
2025-11-15,BOOKMYSHOW *4748,200.0,Card,Entertainment
2026-07-21,HOTSTAR *3645,544.0,Card,Entertainment
2026-04-10,BOOKMYSHOW *7404,454.0,Card,Entertainment
2026-08-19,BOOKMYSHOW *2742,381.0,Card,Entertainment
2026-05-23,amazon pay *9989   ,3415.0,UPI,Shopping
2026-01-23,PVR CINEMAS *7099,346.0,UPI,Entertainment
2026-06-10,GAS BILL *6645,901.0,Card,Bills
2026-04-07,SPOTIFY *1264,,Card,Entertainment
2026-01-25,TORRENT POWER *6631,2775.0,NetBanking,Bills
2025-12-01,SWIGGY ORDER *6105,525.0,NetBanking,Food
2026-02-14,HOTSTAR *7604,557.0,UPI,Entertainment
2026-01-01,INDIGO AIRLINES *1405,1613.0,UPI,Travel
2026-09-09,METRO RECHARGE *1442,3690.0,NetBanking,Travel
2026-08-20,MYNTRA *8160,1391.0,Card,Shopping
